,0,1,2,3,4,5,6,7,8,9,10,11,12,13,14,15,16,17,18,19,20,21,22,23,24,25,26,27,28,29,30
0,filo.dolio,ricetteveloci,food,pranzo,cucinarechepassione,ricettefacili,filodolio,ricettadelgiorno,cucinoperpassione,lemiericette,primipiatti,cucinacasalinga,cucinaitaliana,cibo,pastalover,yummy,piattodelgiorno,fattoincasa,pomodoro,penneallavodka,cucinare,panna,cesena,sabato,pancettaaffumicata,vodka,cooking,pasta,ricetteitaliane,cibobuono,brescia
1,heyitswhiskeytime,vodka,bourbonporn,whiskeygram,thebourbonleague,whiskey,cocktails,whiskyporn,instawhiskey,kentuckybourbon,scotch,whiskygram,bourbongram,bourbonwhiskey,whiskeyporn,alcohol,rye,beer,rum,instabourbon,whisky,singlemalt,kentucky,bourbon,pappy,cheers,buffalotrace,drinks,scotchwhisky,lefthandmodel,pappyvanwinkle
2,barprints,,,,,,,,,,,,,,,,,,,,,,,,,,,,,,
3,how2drink,vodka,drink,espresso,coffee,cocktails,mixology,imbibe,,,,,,,,,,,,,,,,,,,,,,,
4,uncommongrains,locallymade,solareclipse,newbasindistilling,craftdistillery,ryewhiskey,staggergin,smallbatch,cocktails,familyowned,gin,pnw,uncommongrains,handcrafted,firstcutvodka,bestoforegon,vodka,traveloregon,exploregon,whiskey,graintoglass,oregonexplored,craftcocktails,uncommonspirits,oregonmade,craftspirits,craftwhiskey,strongwhiskey,madras,,
5,autoart.team,dailyart,illustration,drawing,autoart,Ğ»Ğ°Ğ´Ğ°2101,2101,carart,lada2101,âœğŸ»,realisticart,cardrawing,icetea,realisticdrawing,vodka,Ğ»Ğ°Ğ´Ğ°,Ğ²Ğ¾Ğ´ĞºĞ°,lada,vaz2101,dailydrawing,,,,,,,,,,,
6,a_gopnik_life_but_in,stalinbelike,gopnikstyle,meme,vodka,gopniksquat,porcodio,comunismo,hardbass,russia,redarmy,lenin,putin,squat,xsproject,memeita,slavmemes,djblyatman,gopnikmemes,slav,gopnik,comunism,stalin,memes,chernobyl,redarmychoir,gopnista,sukablyat,,,
7,drinks__brasil,,,,,,,,,,,,,,,,,,,,,,,,,,,,,,
8,brewglitter,,,,,,,,,,,,,,,,,,,,,,,,,,,,,,
9,queerbeatzz,fun,spaÃŸ,house,bochum,ruhrpott,charts,makiere,party,bermuda,david_marquez,zusage,schlagerfloor,gay,friends,kÃ¶ln,drag,queerbeatzz,gayparty,partykracher,se_stÃ¤nder,gÃ¤stelistenplÃ¤tze,nachtterasse,black,alcohol,gaynrw,veranstaltung,vodka,mainfloor,music,
10,ewynn86,bonchon,koreanfood,kimchee,rum,bourbon,bulgogi,shots,seafoodpancake,tequilla,galbi,beef,cocktails,porkbelly,vodka,,,,,,,,,,,,,,,,
11,drinkstation.co.uk,signature,mixers,mix,vodka,gin,whiskey,10percentoff,drinks,,,,,,,,,,,,,,,,,,,,,,
12,gelodabarra,,,,,,,,,,,,,,,,,,,,,,,,,,,,,,
13,babynickname_kim,ì¸ì²œí„°ë¯¸ë„ì—­ë§›ì§‘ì¶”ì²œ,ì¸ì²œí„°ë¯¸ë„ë§›ì§‘ì¶”ì²œ,ì•±ì†”ë£¨íŠ¸ë² ë¦¬ì•„ì‚¬ì´,ì¸ì²œí„°ë¯¸ë„ì—­,í•´í”¼ë°œë Œíƒ€ì¸,vodkastagram,ì¸ì²œí„°ë¯¸ë„ë§›ì§‘,ì¸ì²œí„°ë¯¸ë„ì—­ë§›ì§‘,vodka,ê¸ˆìš”ì¼,ì˜ˆê±°ë°¤,ë³´ë“œì¹´,ì¸ì²œë§›ì§‘ì¶”ì²œ,ë³´ë“œì¹´ìŠ¤íƒ€ê·¸ë¨,í•˜ìš°ìŠ¤í,ê³¼ì¼,ë¶„ìœ„ê¸°ë§›ì§‘,ë°œë Œíƒ€ì¸ë°ì´,200214,êµ¬ì›”ë™ë§›ì§‘ì¶”ì²œ,êµ¬ì›”ë™ë§›ì§‘,absolutvodka,ë§ˆì¹´ë¡±ì¼€ì´í¬,ì¸ì²œë§›ì§‘,êµ¬ì›”ë™,,,,,
14,_jeslin_vr_46_,sunset,neymar,cool,jj,vodka,,,,,,,,,,,,,,,,,,,,,,,,,
15,queerbeatzz,spaÃŸ,queerbeatzz,kÃ¶ln,partykracher,drag,fun,gay,makiere,ruhrpott,bochum,charts,veranstaltung,mainfloor,alcohol,schlagerfloor,vodka,gaynrw,se_stÃ¤nder,gÃ¤stelistenplÃ¤tze,house,party,music,gayparty,nachtterasse,zusage,david_marquez,friends,black,bermuda,
16,queerbeatzz,zusage,makiere,gaynrw,nachtterasse,schlagerfloor,fun,bermuda,bochum,vodka,party,music,friends,gay,charts,drag,black,se_stÃ¤nder,gÃ¤stelistenplÃ¤tze,gayparty,alcohol,ruhrpott,veranstaltung,house,david_marquez,partykracher,queerbeatzz,spaÃŸ,mainfloor,kÃ¶ln,
17,queerbeatzz,music,gaynrw,gayparty,drag,partykracher,ruhrpott,fun,kÃ¶ln,gÃ¤stelistenplÃ¤tze,party,vodka,nachtterasse,veranstaltung,mainfloor,alcohol,zusage,makiere,spaÃŸ,schlagerfloor,house,charts,friends,queerbeatzz,se_stÃ¤nder,david_marquez,black,bochum,gay,bermuda,
18,queerbeatzz,vodka,alcohol,makiere,fun,gÃ¤stelistenplÃ¤tze,house,veranstaltung,schlagerfloor,mainfloor,bermuda,zusage,party,bochum,queerbeatzz,friends,partykracher,ruhrpott,david_marquez,se_stÃ¤nder,charts,music,kÃ¶ln,spaÃŸ,gaynrw,drag,gayparty,gay,nachtterasse,black,
19,queerbeatzz,nachtterasse,house,ruhrpott,david_marquez,se_stÃ¤nder,gÃ¤stelistenplÃ¤tze,vodka,partykracher,gaynrw,gay,kÃ¶ln,black,alcohol,gayparty,makiere,party,charts,mainfloor,drag,friends,spaÃŸ,bermuda,queerbeatzz,zusage,bochum,music,fun,veranstaltung,schlagerfloor,
20,i_drink_cocktails,tigersnakewhiskey,albany,ketelone,oldfashioned,tasty,thaiflavours,cocktails,vodka,nzbeer,epicbrewing,hopzombie,duesouthtavern,beer,holidays,thai,eggwhites,maplesyrup,bourbon,,,,,,,,,,,,
21,filo.dolio,ricetteitaliane,primipiatti,food,cucinarechepassione,cucinaitaliana,lemiericette,vodka,cooking,cibobuono,ricettadelgiorno,cesena,ricetteveloci,brescia,pasta,filodolio,pancettaaffumicata,cucinoperpassione,panna,cucinare,pranzo,pomodoro,fattoincasa,pastalover,yummy,ricettefacili,penneallavodka,piattodelgiorno,cibo,cucinacasalinga,sabato
22,heyitswhiskeytime,singlemalt,kentuckybourbon,bourbonwhiskey,bourbon,whiskeyporn,cheers,drinks,bourbonporn,beer,whiskeygram,whiskygram,lefthandmodel,rum,instabourbon,bourbongram,rye,pappy,kentucky,whiskyporn,whiskey,alcohol,instawhiskey,cocktails,vodka,pappyvanwinkle,thebourbonleague,scotch,whisky,buffalotrace,scotchwhisky
23,barprints,,,,,,,,,,,,,,,,,,,,,,,,,,,,,,
24,how2drink,vodka,cocktails,coffee,mixology,espresso,drink,imbibe,,,,,,,,,,,,,,,,,,,,,,,
25,uncommongrains,vodka,gin,craftcocktails,ryewhiskey,craftwhiskey,traveloregon,firstcutvodka,cocktails,whiskey,madras,solareclipse,bestoforegon,exploregon,craftspirits,craftdistillery,locallymade,oregonexplored,oregonmade,uncommongrains,strongwhiskey,staggergin,pnw,handcrafted,smallbatch,newbasindistilling,graintoglass,uncommonspirits,familyowned,,
26,autoart.team,drawing,illustration,Ğ²Ğ¾Ğ´ĞºĞ°,autoart,lada2101,carart,lada,vaz2101,dailyart,icetea,realisticdrawing,2101,vodka,cardrawing,realisticart,Ğ»Ğ°Ğ´Ğ°2101,Ğ»Ğ°Ğ´Ğ°,dailydrawing,âœğŸ»,,,,,,,,,,,
27,a_gopnik_life_but_in,lenin,porcodio,gopnikstyle,slav,slavmemes,putin,stalinbelike,hardbass,gopnik,gopnista,comunismo,xsproject,memes,redarmychoir,gopniksquat,djblyatman,gopnikmemes,sukablyat,vodka,meme,memeita,redarmy,chernobyl,squat,stalin,comunism,russia,,,
28,drinks__brasil,,,,,,,,,,,,,,,,,,,,,,,,,,,,,,
29,brewglitter,,,,,,,,,,,,,,,,,,,,,,,,,,,,,,
30,queerbeatzz,music,gaynrw,house,se_stÃ¤nder,veranstaltung,bermuda,vodka,partykracher,kÃ¶ln,party,david_marquez,fun,drag,makiere,alcohol,bochum,gay,nachtterasse,zusage,black,schlagerfloor,ruhrpott,spaÃŸ,gayparty,charts,mainfloor,gÃ¤stelistenplÃ¤tze,queerbeatzz,friends,
31,ewynn86,bulgogi,vodka,koreanfood,kimchee,shots,rum,cocktails,bonchon,porkbelly,seafoodpancake,tequilla,galbi,bourbon,beef,,,,,,,,,,,,,,,,
32,drinkstation.co.uk,vodka,whiskey,mix,drinks,mixers,gin,signature,10percentoff,,,,,,,,,,,,,,,,,,,,,,
33,gelodabarra,,,,,,,,,,,,,,,,,,,,,,,,,,,,,,
34,babynickname_kim,ì¸ì²œí„°ë¯¸ë„ë§›ì§‘,ë¶„ìœ„ê¸°ë§›ì§‘,ì¸ì²œí„°ë¯¸ë„ë§›ì§‘ì¶”ì²œ,ë³´ë“œì¹´,êµ¬ì›”ë™,absolutvodka,êµ¬ì›”ë™ë§›ì§‘,ë§ˆì¹´ë¡±ì¼€ì´í¬,ë°œë Œíƒ€ì¸ë°ì´,ì¸ì²œí„°ë¯¸ë„ì—­ë§›ì§‘ì¶”ì²œ,í•´í”¼ë°œë Œíƒ€ì¸,ì¸ì²œë§›ì§‘ì¶”ì²œ,í•˜ìš°ìŠ¤í,ê³¼ì¼,ë³´ë“œì¹´ìŠ¤íƒ€ê·¸ë¨,ì¸ì²œí„°ë¯¸ë„ì—­ë§›ì§‘,ì¸ì²œë§›ì§‘,vodkastagram,ì¸ì²œí„°ë¯¸ë„ì—­,ì•±ì†”ë£¨íŠ¸ë² ë¦¬ì•„ì‚¬ì´,êµ¬ì›”ë™ë§›ì§‘ì¶”ì²œ,ê¸ˆìš”ì¼,vodka,200214,ì˜ˆê±°ë°¤,,,,,
35,_jeslin_vr_46_,neymar,jj,cool,sunset,vodka,,,,,,,,,,,,,,,,,,,,,,,,,
36,queerbeatzz,nachtterasse,bochum,schlagerfloor,partykracher,spaÃŸ,vodka,house,david_marquez,makiere,veranstaltung,zusage,drag,kÃ¶ln,ruhrpott,mainfloor,friends,charts,black,alcohol,gay,queerbeatzz,gayparty,music,se_stÃ¤nder,gaynrw,fun,gÃ¤stelistenplÃ¤tze,party,bermuda,
37,queerbeatzz,party,fun,music,spaÃŸ,mainfloor,makiere,kÃ¶ln,drag,david_marquez,gÃ¤stelistenplÃ¤tze,vodka,house,gay,alcohol,friends,queerbeatzz,gaynrw,partykracher,veranstaltung,zusage,bochum,bermuda,gayparty,black,nachtterasse,ruhrpott,schlagerfloor,se_stÃ¤nder,charts,
38,queerbeatzz,makiere,charts,party,partykracher,fun,zusage,drag,gaynrw,nachtterasse,kÃ¶ln,spaÃŸ,bochum,mainfloor,ruhrpott,house,gay,david_marquez,alcohol,gayparty,black,music,friends,veranstaltung,schlagerfloor,se_stÃ¤nder,vodka,gÃ¤stelistenplÃ¤tze,queerbeatzz,bermuda,
39,queerbeatzz,gay,zusage,partykracher,vodka,spaÃŸ,gayparty,bochum,se_stÃ¤nder,music,charts,drag,black,bermuda,fun,mainfloor,party,veranstaltung,house,david_marquez,schlagerfloor,queerbeatzz,makiere,kÃ¶ln,ruhrpott,alcohol,friends,nachtterasse,gÃ¤stelistenplÃ¤tze,gaynrw,
40,queerbeatzz,kÃ¶ln,vodka,gÃ¤stelistenplÃ¤tze,gayparty,drag,charts,partykracher,makiere,ruhrpott,party,schlagerfloor,zusage,alcohol,veranstaltung,fun,music,house,david_marquez,gaynrw,black,spaÃŸ,gay,se_stÃ¤nder,mainfloor,bermuda,friends,bochum,nachtterasse,queerbeatzz,
41,i_drink_cocktails,nzbeer,albany,beer,duesouthtavern,eggwhites,holidays,tigersnakewhiskey,ketelone,thai,maplesyrup,tasty,bourbon,vodka,oldfashioned,thaiflavours,cocktails,hopzombie,epicbrewing,,,,,,,,,,,,
42,mister.dms on Instag,vodka,beluga,,,,,,,,,,,,,,,,,,,,,,,,,,,,
43,collectshotglasses,vodka,shots,drinking,shotglasscollection,rum,aguardente,caninha,shotglass,souvenirs,shotglasses,pinga,glass,whiskey,grappa,saopaulo,souvenirshops,turismo,ilovesp,shotglasscollector,cups,collectibles,cachaÃ§a,copinhos,tequila,spirits,glasses,souvenir,gift,presente,
44,alicemosben,likes,likes4like,vodka,likeall,liking,like4likes,like4like,girl,likebackteam,likeback,likesforlikes,followï½e,liker,likesforlike,likeme,liketeam,liked,followmefollowback,instalikes,likealways,instalike,beer,followforfollowback,f4follow,want,follow4followback,likes4likes,likeallmypics,likeforlike,l4l
45,gleydsonbebidas,coca,cerveja,pitu,recife,vodka,bebidas,comida,cervejagelada,muribeca,gleydsonbebidas,petraorigem,bar,restaurante,eventos,chicletinho,drinks,food,promoÃ§Ã£o,cervejacomocervejadeveser,love,brahma,amigos,sol,gb,omelhordacidade,cocacola,absurdamentegelada,cervejapetra,,
46,a_couple_of_espresso,espressomartinitime,espressomartini,espressomartiniadventures,martini,soho,london,nightout,barsinlondon,vodka,drinks,coffee,,,,,,,,,,,,,,,,,,,
47,saojorgebebida,cerveja,niteroi,deposito,entregacervejaemcasa,entrega,agua,vinho,zÃ©delivery,marica,delivery,saogoncalo,bebida,mineral,ifood,riodejaneiro,zedelivry,ubereats,energetico,futebol,vodka,itaborai,,,,,,,,,
48,kye_smith95,ball,brother,drunk,vodka,,,,,,,,,,,,,,,,,,,,,,,,,,
49,hell.ticker,drinks,drunk,quotes,favorite,vodka,girls,,,,,,,,,,,,,,,,,,,,,,,,
50,allaboutfun034,luckydancer,feshion,instamodels,modeling,faisu,hair,yoga,igers,fitnessmotivation,riyaz,team07,february,gym,friends,model,vodka,newpost,igdaily,gymlife,liar,gymmotivation,allaboutfunğŸ˜‚ğŸ˜‚,pants,outfits,avneetkaur,faizulrahman,motivation,fresh,dailydaily,tiktokmemes
51,cookingforthestars,funnyshots,ğŸ‹ğŸ’¡,vodkadrinks,blueberriespicking,booze,lemonadeğŸ‹,icee,funshotsğŸ“·,vodka,lemonadecraze,greatdrink,shotsshotsshots,bride,drinklocalbooze,instadrinks,wildblueberries,brideschoiceawards,alchol,lemonade,lemontwist,lemonadestand,customcoctails,weddingdrinks,shot,instagrammodel,lemonn,frozenblueberries,iceplate,frozen,instagood
52,cocktailsandnibbles ,whiskey,cocktailbloggers,drinks,rum,cocktailinspiration,scotch,vodka,cocktailselfie,champagne,cocktailrecipes,myfavoritecocktail,cocktailsofinstagram,cocktailqueen,cocktail,bourbon,mixologic,creativebartender,mixology,drinksofinstagram,cocktailspecials,bartenders,happyhourqueen,bartenderlove,happyhour,prosecco,cocktailbars,anotherround,mixologyguide,bartenderlife,aboutdrinksandbars
53,nicolebrandhula,snapchat,vodka,like4likes,snapback,tonguepiercing,follow4followback,shirt,cigarettes,fuck,partymonster,party,lacethefuckup,fuckoff,likeforlikeback,followforfollowback,filter,fuckem,likes,letsgetit,smoke,bluehair,fff,haters,letsgo,lfl,rockstarsdontsayno,tongueout,partyparty,wine,follow
54,filo.dolio,pastalover,ricettadelgiorno,ricetteveloci,pranzo,fattoincasa,cibo,primipiatti,panna,ricetteitaliane,brescia,piattodelgiorno,cucinaitaliana,cucinoperpassione,sabato,cooking,yummy,food,cesena,cibobuono,pomodoro,ricettefacili,pancettaaffumicata,cucinacasalinga,lemiericette,penneallavodka,vodka,cucinarechepassione,pasta,cucinare,filodolio
55,heyitswhiskeytime,instabourbon,bourbonwhiskey,pappy,singlemalt,whiskygram,cheers,whiskeygram,rum,thebourbonleague,scotchwhisky,bourbongram,rye,whisky,scotch,whiskey,lefthandmodel,whiskeyporn,bourbon,kentucky,cocktails,whiskyporn,beer,alcohol,drinks,vodka,pappyvanwinkle,instawhiskey,kentuckybourbon,bourbonporn,buffalotrace
56,barprints,,,,,,,,,,,,,,,,,,,,,,,,,,,,,,
57,how2drink,coffee,imbibe,espresso,mixology,drink,cocktails,vodka,,,,,,,,,,,,,,,,,,,,,,,
58,uncommongrains,oregonmade,gin,bestoforegon,oregonexplored,uncommonspirits,ryewhiskey,whiskey,traveloregon,solareclipse,uncommongrains,cocktails,smallbatch,strongwhiskey,locallymade,vodka,craftwhiskey,craftdistillery,exploregon,newbasindistilling,graintoglass,pnw,handcrafted,craftcocktails,madras,familyowned,firstcutvodka,craftspirits,staggergin,,
59,autoart.team,Ğ»Ğ°Ğ´Ğ°,carart,dailydrawing,âœğŸ»,realisticdrawing,autoart,vodka,Ğ»Ğ°Ğ´Ğ°2101,vaz2101,cardrawing,2101,Ğ²Ğ¾Ğ´ĞºĞ°,realisticart,dailyart,drawing,lada,illustration,lada2101,icetea,,,,,,,,,,,
60,a_gopnik_life_but_in,chernobyl,putin,gopnikstyle,slavmemes,squat,hardbass,stalin,redarmychoir,djblyatman,memes,gopnikmemes,redarmy,comunism,gopniksquat,slav,xsproject,memeita,russia,sukablyat,meme,porcodio,vodka,gopnista,stalinbelike,gopnik,lenin,comunismo,,,
61,drinks__brasil,,,,,,,,,,,,,,,,,,,,,,,,,,,,,,
62,brewglitter,,,,,,,,,,,,,,,,,,,,,,,,,,,,,,
63,queerbeatzz,gÃ¤stelistenplÃ¤tze,nachtterasse,kÃ¶ln,veranstaltung,gay,ruhrpott,music,david_marquez,partykracher,drag,party,se_stÃ¤nder,zusage,fun,makiere,gaynrw,black,bermuda,gayparty,friends,bochum,house,alcohol,schlagerfloor,vodka,charts,mainfloor,spaÃŸ,queerbeatzz,
64,ewynn86,bonchon,kimchee,rum,seafoodpancake,cocktails,bulgogi,bourbon,shots,beef,galbi,koreanfood,porkbelly,tequilla,vodka,,,,,,,,,,,,,,,,
65,drinkstation.co.uk,vodka,drinks,mixers,signature,whiskey,10percentoff,gin,mix,,,,,,,,,,,,,,,,,,,,,,
66,gelodabarra,,,,,,,,,,,,,,,,,,,,,,,,,,,,,,
67,babynickname_kim,ì¸ì²œë§›ì§‘ì¶”ì²œ,ì¸ì²œí„°ë¯¸ë„ì—­ë§›ì§‘,í•˜ìš°ìŠ¤í,200214,ì˜ˆê±°ë°¤,ì¸ì²œí„°ë¯¸ë„ì—­,êµ¬ì›”ë™ë§›ì§‘ì¶”ì²œ,ë§ˆì¹´ë¡±ì¼€ì´í¬,ì¸ì²œí„°ë¯¸ë„ë§›ì§‘,ë³´ë“œì¹´ìŠ¤íƒ€ê·¸ë¨,ë¶„ìœ„ê¸°ë§›ì§‘,í•´í”¼ë°œë Œíƒ€ì¸,ì¸ì²œí„°ë¯¸ë„ì—­ë§›ì§‘ì¶”ì²œ,ì¸ì²œí„°ë¯¸ë„ë§›ì§‘ì¶”ì²œ,ê³¼ì¼,êµ¬ì›”ë™ë§›ì§‘,êµ¬ì›”ë™,ë°œë Œíƒ€ì¸ë°ì´,vodka,absolutvodka,vodkastagram,ê¸ˆìš”ì¼,ì•±ì†”ë£¨íŠ¸ë² ë¦¬ì•„ì‚¬ì´,ë³´ë“œì¹´,ì¸ì²œë§›ì§‘,,,,,
68,_jeslin_vr_46_,jj,sunset,vodka,neymar,cool,,,,,,,,,,,,,,,,,,,,,,,,,
69,queerbeatzz,black,gÃ¤stelistenplÃ¤tze,partykracher,ruhrpott,nachtterasse,gayparty,bochum,alcohol,zusage,veranstaltung,spaÃŸ,fun,mainfloor,david_marquez,party,gaynrw,se_stÃ¤nder,bermuda,friends,gay,charts,schlagerfloor,makiere,drag,vodka,music,kÃ¶ln,house,queerbeatzz,
70,queerbeatzz,charts,fun,gayparty,bermuda,bochum,ruhrpott,party,veranstaltung,gÃ¤stelistenplÃ¤tze,friends,makiere,partykracher,house,gaynrw,david_marquez,black,schlagerfloor,spaÃŸ,queerbeatzz,zusage,alcohol,drag,se_stÃ¤nder,nachtterasse,kÃ¶ln,mainfloor,music,vodka,gay,
71,queerbeatzz,queerbeatzz,mainfloor,kÃ¶ln,gay,bermuda,veranstaltung,schlagerfloor,makiere,nachtterasse,se_stÃ¤nder,ruhrpott,music,black,spaÃŸ,friends,zusage,gaynrw,drag,gÃ¤stelistenplÃ¤tze,david_marquez,fun,party,charts,gayparty,alcohol,vodka,bochum,house,partykracher,
72,queerbeatzz,nachtterasse,queerbeatzz,gÃ¤stelistenplÃ¤tze,kÃ¶ln,bochum,se_stÃ¤nder,gayparty,alcohol,spaÃŸ,bermuda,black,mainfloor,ruhrpott,partykracher,fun,zusage,house,vodka,david_marquez,veranstaltung,party,friends,makiere,charts,schlagerfloor,music,drag,gay,gaynrw,
73,queerbeatzz,partykracher,fun,gay,charts,friends,vodka,gÃ¤stelistenplÃ¤tze,gayparty,makiere,bermuda,se_stÃ¤nder,ruhrpott,music,spaÃŸ,veranstaltung,kÃ¶ln,david_marquez,party,nachtterasse,schlagerfloor,queerbeatzz,bochum,gaynrw,black,house,drag,alcohol,zusage,mainfloor,
74,i_drink_cocktails,thai,tasty,maplesyrup,duesouthtavern,oldfashioned,vodka,cocktails,ketelone,beer,hopzombie,epicbrewing,albany,thaiflavours,tigersnakewhiskey,holidays,nzbeer,eggwhites,bourbon,,,,,,,,,,,,
75,mister.dms on Instag,vodka,beluga,,,,,,,,,,,,,,,,,,,,,,,,,,,,
76,collectshotglasses,aguardente,souvenir,whiskey,turismo,shotglasses,spirits,souvenirs,caninha,drinking,shotglass,gift,souvenirshops,cups,vodka,copinhos,collectibles,ilovesp,glasses,rum,pinga,glass,saopaulo,cachaÃ§a,shotglasscollection,grappa,shotglasscollector,presente,tequila,shots,
77,alicemosben,l4l,instalikes,likealways,likeback,follow4followback,likeme,likeall,likesforlike,liking,likesforlikes,followforfollowback,followmefollowback,like4likes,liked,girl,likes4likes,likeforlike,likes,like4like,beer,followï½e,likebackteam,likeallmypics,likes4like,liker,f4follow,vodka,want,instalike,liketeam
78,gleydsonbebidas,omelhordacidade,amigos,gb,drinks,bebidas,promoÃ§Ã£o,cervejagelada,muribeca,restaurante,vodka,bar,coca,comida,cervejacomocervejadeveser,absurdamentegelada,chicletinho,cocacola,cerveja,brahma,food,pitu,petraorigem,love,eventos,sol,recife,cervejapetra,gleydsonbebidas,,
79,a_couple_of_espresso,coffee,vodka,drinks,nightout,london,soho,espressomartinitime,barsinlondon,espressomartini,martini,espressomartiniadventures,,,,,,,,,,,,,,,,,,,
80,saojorgebebida,bebida,vinho,entrega,niteroi,ifood,vodka,entregacervejaemcasa,marica,deposito,saogoncalo,itaborai,energetico,zedelivry,delivery,futebol,riodejaneiro,cerveja,mineral,agua,ubereats,zÃ©delivery,,,,,,,,,
81,kye_smith95,drunk,ball,vodka,brother,,,,,,,,,,,,,,,,,,,,,,,,,,
82,hell.ticker,quotes,drunk,vodka,favorite,girls,drinks,,,,,,,,,,,,,,,,,,,,,,,,
83,allaboutfun034,faizulrahman,model,motivation,allaboutfunğŸ˜‚ğŸ˜‚,faisu,gymlife,fresh,liar,modeling,tiktokmemes,igers,gymmotivation,vodka,pants,gym,newpost,fitnessmotivation,yoga,february,igdaily,hair,friends,dailydaily,instamodels,riyaz,luckydancer,outfits,avneetkaur,feshion,team07
84,cookingforthestars,instagood,drinklocalbooze,customcoctails,lemonadeğŸ‹,brideschoiceawards,booze,iceplate,weddingdrinks,bride,lemontwist,icee,vodka,funnyshots,lemonade,instagrammodel,greatdrink,wildblueberries,lemonadecraze,blueberriespicking,shot,vodkadrinks,frozenblueberries,lemonn,funshotsğŸ“·,instadrinks,lemonadestand,frozen,shotsshotsshots,ğŸ‹ğŸ’¡,alchol
85,cocktailsandnibbles ,cocktailspecials,anotherround,cocktailselfie,mixologic,drinksofinstagram,rum,happyhourqueen,happyhour,bartenderlife,vodka,creativebartender,mixologyguide,mixology,scotch,bourbon,cocktailqueen,aboutdrinksandbars,myfavoritecocktail,cocktailsofinstagram,cocktail,cocktailinspiration,cocktailrecipes,whiskey,bartenderlove,cocktailbars,champagne,drinks,bartenders,cocktailbloggers,prosecco
86,nicolebrandhula,letsgetit,like4likes,shirt,fuckem,likeforlikeback,tongueout,lacethefuckup,likes,rockstarsdontsayno,party,followforfollowback,partyparty,follow,snapchat,fuck,vodka,fuckoff,haters,smoke,bluehair,lfl,fff,follow4followback,snapback,filter,wine,partymonster,tonguepiercing,letsgo,cigarettes
87,chandiland_7,chandilanddiaries,chandigarhfoodies,nightlife,music,ambience,vibe,friends,food,vodka,whiskey,partynights,nightclub,partylife,hookah,hangout,chandigarh,harddrinks,drinks,indian,clubbing,wine,party,sheesha,family,chandiland,pocketfriendly,,,,
88,tinikwan,bourbon,cocktail,champagne,cocktailbars,mixology,scotch,cocktailselfie,vodka,creativebartender,anotherround,happyhourqueen,mixologyguide,whiskey,bartenderlove,drinks,cocktailinspiration,happyhour,cocktailbloggers,cocktailrecipes,cocktailspecials,cocktailsofinstagram,rum,drinksofinstagram,cocktailqueen,bartenderlife,bartenders,myfavoritecocktail,mixologic,aboutdrinksandbars,prosecco
89,ambre0o,vodkalovers,greygoose,craftcocktails,tonic,creativity,mixologyart,fashion,vodka,livevictoriously,distilledbotanicals,londonessenceco,lfw,imbibe,tasty,cocktailtime,londonessence,london,londonfashionweek2020,liqpic,,,,,,,,,,,
90,nilufarprentis,tomatojuice,justsunday,balsamicviniger,lemonjuice,pepper,vodka,holidaymood,happy,salt,fun,,,,,,,,,,,,,,,,,,,,
91,___.tanja.__,blondi,browneys,shaytan,panda,crazy,smile,audigirl,love,audia5,glitzer,pandalove,ichbinnichtsowieihr,tattoogirl,shisha,rotelippen,vodka,,,,,,,,,,,,,,
92,giadatrebeschi,,,,,,,,,,,,,,,,,,,,,,,,,,,,,,
93,umbeebooombazar,handmadewithlove,holymary,fridakahlo,shot,alcohol,vodka,tequila,handpainted,whiskey,gin,firebitch,rum,bartending,matrioska,,,,,,,,,,,,,,,,
94,galleypubdesde1.977,mixologist,vodkadrinks,galleypub,candÃ¡s,bartenderlifeğŸ¸,lima,coctailsğŸ¹,galley,gingerbeer,mixology,vodka,ice,,,,,,,,,,,,,,,,,,
95,mixmagbrazil,,,,,,,,,,,,,,,,,,,,,,,,,,,,,,
96,lukusb92,manchester,life,live,instagood,love,black,white,gay,lookinggood,vodka,laugh,gayboy,,,,,,,,,,,,,,,,,,
97,timreh_rab on Instag,ãƒãƒ¼,ç™½,é£²ã¿æ¯”ã¹,whiskey,ã‚¦ã‚©ãƒƒã‚«,beer,hakuvodka,bar,vodka,ã‚«ã‚¯ãƒ†ãƒ«,cocktail,ãƒ“ãƒ¼ãƒ«,ã‚¦ã‚¤ã‚¹ã‚­ãƒ¼,haku,whisky,,,,,,,,,,,,,,,
98,gsevenhookah7,hookah,fun,dj,vodka,staffparty,shishalife,shishadaily,beluga,shishalovers,hookahtime,drinks,hookahaddiction,hookahlovers,,,,,,,,,,,,,,,,,
99,filo.dolio,penneallavodka,cucinoperpassione,cucinarechepassione,cucinacasalinga,lemiericette,cibo,ricettadelgiorno,cucinaitaliana,pasta,cibobuono,pancettaaffumicata,primipiatti,food,cucinare,sabato,pastalover,filodolio,ricettefacili,fattoincasa,vodka,pomodoro,ricetteitaliane,piattodelgiorno,cooking,ricetteveloci,yummy,panna,brescia,cesena,pranzo
100,heyitswhiskeytime,singlemalt,pappyvanwinkle,instabourbon,kentucky,whisky,rum,rye,scotch,lefthandmodel,bourbon,pappy,whiskygram,cocktails,whiskeyporn,bourbonwhiskey,alcohol,bourbonporn,whiskey,scotchwhisky,buffalotrace,beer,whiskyporn,thebourbonleague,cheers,bourbongram,drinks,vodka,kentuckybourbon,instawhiskey,whiskeygram
101,barprints,,,,,,,,,,,,,,,,,,,,,,,,,,,,,,
102,how2drink,espresso,drink,vodka,coffee,cocktails,imbibe,mixology,,,,,,,,,,,,,,,,,,,,,,,
103,uncommongrains,ryewhiskey,uncommonspirits,solareclipse,familyowned,graintoglass,strongwhiskey,staggergin,exploregon,gin,oregonmade,pnw,cocktails,craftspirits,handcrafted,locallymade,oregonexplored,craftcocktails,madras,newbasindistilling,traveloregon,craftdistillery,bestoforegon,craftwhiskey,firstcutvodka,vodka,smallbatch,uncommongrains,whiskey,,
104,autoart.team,autoart,icetea,cardrawing,vodka,vaz2101,lada,drawing,Ğ»Ğ°Ğ´Ğ°2101,realisticart,dailyart,illustration,Ğ²Ğ¾Ğ´ĞºĞ°,carart,2101,lada2101,dailydrawing,realisticdrawing,âœğŸ»,Ğ»Ğ°Ğ´Ğ°,,,,,,,,,,,
105,a_gopnik_life_but_in,russia,meme,chernobyl,gopnikstyle,stalin,redarmychoir,memes,sukablyat,gopniksquat,gopnista,redarmy,slav,lenin,xsproject,djblyatman,memeita,gopnik,putin,vodka,comunism,stalinbelike,comunismo,hardbass,slavmemes,porcodio,gopnikmemes,squat,,,
106,drinks__brasil,,,,,,,,,,,,,,,,,,,,,,,,,,,,,,
107,brewglitter,,,,,,,,,,,,,,,,,,,,,,,,,,,,,,
108,queerbeatzz,alcohol,mainfloor,party,zusage,drag,gÃ¤stelistenplÃ¤tze,vodka,veranstaltung,bochum,bermuda,house,gayparty,gay,ruhrpott,fun,makiere,nachtterasse,schlagerfloor,charts,queerbeatzz,music,se_stÃ¤nder,david_marquez,gaynrw,black,kÃ¶ln,friends,partykracher,spaÃŸ,
109,queerbeatzz,bermuda,david_marquez,fun,bochum,vodka,mainfloor,kÃ¶ln,music,drag,se_stÃ¤nder,partykracher,veranstaltung,friends,gay,gaynrw,makiere,gayparty,spaÃŸ,gÃ¤stelistenplÃ¤tze,house,queerbeatzz,charts,schlagerfloor,black,ruhrpott,zusage,party,nachtterasse,alcohol,
110,queerbeatzz,fun,music,schlagerfloor,gÃ¤stelistenplÃ¤tze,mainfloor,black,ruhrpott,house,queerbeatzz,gayparty,spaÃŸ,friends,alcohol,zusage,david_marquez,gaynrw,bochum,vodka,party,kÃ¶ln,veranstaltung,se_stÃ¤nder,partykracher,makiere,gay,charts,bermuda,nachtterasse,drag,
111,queerbeatzz,gÃ¤stelistenplÃ¤tze,house,fun,schlagerfloor,bochum,veranstaltung,charts,se_stÃ¤nder,david_marquez,zusage,makiere,spaÃŸ,drag,mainfloor,gay,bermuda,friends,kÃ¶ln,partykracher,party,gaynrw,alcohol,ruhrpott,nachtterasse,gayparty,music,vodka,black,queerbeatzz,
112,queerbeatzz,charts,spaÃŸ,alcohol,schlagerfloor,mainfloor,makiere,party,music,kÃ¶ln,fun,gay,bermuda,nachtterasse,gÃ¤stelistenplÃ¤tze,veranstaltung,black,friends,david_marquez,gayparty,drag,vodka,zusage,bochum,queerbeatzz,se_stÃ¤nder,gaynrw,ruhrpott,house,partykracher,
113,i_drink_cocktails,ketelone,thaiflavours,oldfashioned,holidays,hopzombie,thai,bourbon,eggwhites,duesouthtavern,vodka,nzbeer,albany,beer,cocktails,tigersnakewhiskey,epicbrewing,maplesyrup,tasty,,,,,,,,,,,,
114,mister.dms on Instag,beluga,vodka,,,,,,,,,,,,,,,,,,,,,,,,,,,,
115,collectshotglasses,grappa,spirits,ilovesp,shotglasscollection,gift,aguardente,shotglass,shotglasscollector,shotglasses,souvenirs,rum,glass,shots,vodka,souvenirshops,whiskey,cachaÃ§a,souvenir,pinga,copinhos,glasses,collectibles,presente,saopaulo,turismo,cups,caninha,tequila,drinking,
116,alicemosben,want,likealways,like4likes,likesforlike,likeme,instalike,likeforlike,instalikes,followforfollowback,followmefollowback,followï½e,vodka,likebackteam,f4follow,girl,liked,likeallmypics,like4like,likes4like,liketeam,likes,l4l,beer,likesforlikes,liking,likeback,follow4followback,liker,likes4likes,likeall
117,gleydsonbebidas,promoÃ§Ã£o,coca,petraorigem,vodka,eventos,gb,drinks,cervejapetra,cocacola,gleydsonbebidas,cerveja,cervejacomocervejadeveser,bar,restaurante,omelhordacidade,brahma,pitu,sol,chicletinho,love,absurdamentegelada,bebidas,food,amigos,comida,muribeca,recife,cervejagelada,,
118,a_couple_of_espresso,martini,nightout,espressomartini,soho,drinks,barsinlondon,espressomartiniadventures,london,vodka,coffee,espressomartinitime,,,,,,,,,,,,,,,,,,,
119,saojorgebebida,niteroi,delivery,riodejaneiro,futebol,itaborai,zedelivry,zÃ©delivery,marica,ubereats,saogoncalo,cerveja,bebida,vinho,agua,entrega,entregacervejaemcasa,vodka,ifood,energetico,mineral,deposito,,,,,,,,,
120,kye_smith95,brother,vodka,ball,drunk,,,,,,,,,,,,,,,,,,,,,,,,,,
121,hell.ticker,drunk,drinks,vodka,quotes,girls,favorite,,,,,,,,,,,,,,,,,,,,,,,,
122,allaboutfun034,modeling,dailydaily,february,igdaily,feshion,igers,model,gymmotivation,luckydancer,newpost,liar,yoga,tiktokmemes,fitnessmotivation,outfits,gymlife,riyaz,faizulrahman,vodka,team07,faisu,allaboutfunğŸ˜‚ğŸ˜‚,fresh,avneetkaur,hair,friends,gym,motivation,pants,instamodels
123,cookingforthestars,funnyshots,shotsshotsshots,weddingdrinks,frozen,instadrinks,shot,greatdrink,customcoctails,vodkadrinks,lemonadecraze,frozenblueberries,blueberriespicking,iceplate,bride,lemonn,lemonade,lemontwist,icee,alchol,wildblueberries,instagood,lemonadeğŸ‹,ğŸ‹ğŸ’¡,drinklocalbooze,lemonadestand,brideschoiceawards,funshotsğŸ“·,booze,vodka,instagrammodel
124,cocktailsandnibbles ,cocktailspecials,bartenderlife,drinksofinstagram,mixology,bartenders,cocktail,cocktailbloggers,happyhour,whiskey,vodka,mixologic,scotch,cocktailbars,bartenderlove,cocktailsofinstagram,anotherround,bourbon,rum,cocktailselfie,champagne,myfavoritecocktail,creativebartender,cocktailrecipes,prosecco,drinks,cocktailinspiration,happyhourqueen,mixologyguide,aboutdrinksandbars,cocktailqueen
125,nicolebrandhula,likeforlikeback,followforfollowback,shirt,letsgo,fuckoff,rockstarsdontsayno,tongueout,smoke,likes,partymonster,follow4followback,party,wine,snapback,snapchat,letsgetit,cigarettes,fff,vodka,lfl,partyparty,lacethefuckup,haters,fuckem,bluehair,fuck,follow,like4likes,tonguepiercing,filter
126,chandiland_7,chandiland,nightclub,chandigarh,pocketfriendly,vibe,family,hangout,chandigarhfoodies,drinks,food,sheesha,music,vodka,hookah,partylife,clubbing,harddrinks,party,nightlife,ambience,friends,partynights,chandilanddiaries,wine,indian,whiskey,,,,
127,,,,,,,,,,,,,,,,,,,,,,,,,,,,,,,
