,0,1,2,3,4,5,6,7,8,9,10,11,12,13,14,15,16,17,18,19,20,21,22,23,24,25,26,27,28,29
0,doctor_kristina on I,glamur,behappy,cosmopolitan,joy_ua,Ğ½Ğ°ÑÑ‚Ñ€Ğ¾ĞµĞ½Ğ¸Ğµ,dnepr,Ğ²Ğ¸Ñ‚Ğ°Ğ¼Ğ¸Ğ½Ğ´,ÑĞºĞ¾Ñ€Ğ¾Ğ²ĞµÑĞ½Ğ°,Ğ´Ğ½ĞµĞ¿Ñ€,dnepr_ukraine,,,,,,,,,,,,,,,,,,,
1,polkanatropie on Ins,sightseeing,vietnam,stewardess,view,friends,nevergiveup,lfc,mosalah,foreigners,cabincrew,crew,adidas,sportygirl,thereds,stopover,mycrewisbetterthanyours,zaloga,flightattendant,nonla,multiculturalfamily,wietnam,viewpoint,multicultural,thetop,cosmopolitan,liverpoolfc,layover,ricefields,asia
2,jessicascotthair,jessicascotthair,behindthechair,btconeshot2020_platinum,betbh,igoravibrance,btconeshot2020_balayage,thebtcteam,schwarzkopfusa,btcskp,,,,,,,,,,,,,,,,,,,,
3,vallpi,,,,,,,,,,,,,,,,,,,,,,,,,,,,,
4,jessicascotthair,jessicascotthair,,,,,,,,,,,,,,,,,,,,,,,,,,,,
5,coffeeandchampagne,,,,,,,,,,,,,,,,,,,,,,,,,,,,,
6,aislinnderbezfc,chemavenegas,nattinatasha,kimkardashian,esdlc,diosa,maluma,revista,cosplay,playboy,elchemavenegas,kourtneykardashian,kendalljenner,chema,kyliejenner,aislinnderbez,cosmopolitan,elchema,khloekardashian,kailaniochmann,elseÃ±ordeloscielos,alessandrarosaldo,aitanaderbez,laduradelasduras,enriqueiglesias,mauricioochmann,hermosa,mauochmann,karolg,
7,dear_sungkyoung,ygad,leesungkyoug,leesungkyung,biblee,ê±¸ìº…ìŠ¤,ë¼ë„¤ì¦ˆ,cosmopolitan,ã‚­ãƒ ãƒœã‚¯ã‚¸ãƒ¥,ì½”ìŠ¤ëª¨í´ë¦¬íƒ„,ì´ì„±ê²½,bokjoo,yg,ã‚¤ã‚½ãƒ³ã‚®ãƒ§ãƒ³,ì—­ë„ìš”ì •ê¹€ë³µì£¼,actoress,à¸­à¸µà¸‹à¸­à¸‡à¸„à¸¢à¸­à¸‡,heybiblee,weightliftingfairykimbokjoo,ì–´ë°”ì›ƒíƒ€ì„,laneige,leesungkyoung,model,,,,,,,
8,yogitagoyal_,photographer,helloshein1million,fashiongram,plixxoblogger,outfitinspiration,outfitoftheday,photooftheday,ootdfashion,winteroutfit,fashionphotography,travelphotography,fashiondesigner,fashionflare,cosmopolitan,helloshein,ootd,photoshoot,popxo,bossbabe,streetstyle,winter,cosmoindia,styleblogger,fashionable,fashionblogger,picoftheday,,,
9,cosmopolitanclubab,barstockholm,cosmopolitan,elegant,sthlm,showstockholm,rÃ¥dmansgatan46,stockholm,show,showartist,mat,party,partystockholm,stockholmnattliv,stockholmloungebar,gogodans,cosmopolitanclub,cosmopolitanclubstockholm,stureplan,restrang,stockholmgogo,eleganceroom,restaurant,elegance,,,,,,
10,forcloud322,ì„±ìš´,à¸‹à¸­à¸‡à¸­à¸¸à¸™,ãƒã‚½ãƒ³ã‚¦ãƒ³,í•˜ì„±ìš´,sungwoon,cosmopolitan,hasungwoon,ì½”ìŠ¤ëª¨í´ë¦¬íƒ„,æ²³æˆé›²,,,,,,,,,,,,,,,,,,,,
11,gooreumi.entertaimen,,,,,,,,,,,,,,,,,,,,,,,,,,,,,
12,zehranin_onerileri,kesfet,cosmopolitanexlusivekutusu,denebunu,cosmopolitan,denebunucom,,,,,,,,,,,,,,,,,,,,,,,,
13,iamquintera,ellemagazine,styleblogger,styleinfluencer,cosmopolitan,instylemagazine,fashionstyle,model,modellife,style,styleinspiration,fashionista,instaglam,fashionblogger,modeling,stylish,,,,,,,,,,,,,,
14,frozzled_by_bankable,owambearena,lagosliving,ayanskidistributor,urbanchic,growingbusiness,ankarafashiongallery,fabricsinlagos,asoebispecial,muslimah,fabricnation,ankaraevolution,mordernchic,churchwear,cosmopolitan,frozzledbybankables,asoebi,,,,,,,,,,,,,
15,kica_46,autoslalom,cosmopolitan,,,,,,,,,,,,,,,,,,,,,,,,,,,
16,the_couple_who_trave,lasvegasstrip,vivalasvegas,viewsfordays,globetrotter,sincity,happyhumpdayğŸ«,cosmopolitan,bellagiolasvegas,wednesday,travelblogger,travelphotography,lasvegas,secondlastday,,,,,,,,,,,,,,,,
17,iamquintera,modellife,instaglam,fashion,modeling,styleblogger,fashionblogger,instylemagazine,stylish,style,styleinfluencer,fashionista,ellemagazine,cosmopolitan,model,fashionstyle,,,,,,,,,,,,,,
18,,,,,,,,,,,,,,,,,,,,,,,,,,,,,,
