,0,1,2,3,4,5,6,7,8,9,10,11,12,13,14,15,16,17,18,19,20,21,22,23,24,25,26,27
0,tonicakombucha,guthealth,tonicakombucha,kombuchahealth,madeincanada,kombucha,fermenteddrinks,friyay,thedeliciouskombucha,organic,organickombucha,lowsugarbrew,plantbaseddiet,tgif,certifiedorganic,kombuchacocktails,fermentedfoods,kombuchamimosa,kombuchaflavours,brewedinthe6since2006,kombuchalove,kombuchaontap,kombuchalovers,healthydrink,raw,glutenfree,plantbased,healthykombucha
1,morningsare4mimosas,panaceabrewingcompany,farmacyonmain,happyhour,mimosabar,thirstythursday,mimosabrunch,kombuchabar,probiotic,fermented,prebiotics,kombucha,mimosarecipes,cocktails,kombuchamimosa,,,,,,,,,,,,,
2,kombuchaontap,anaheim,kombuchaontap,orangecounty,bambucha,organic,probiotic,delicious,cultivationkitchen,kombuchamimosa,localkombucha,kombuchaaddict,kombuchalovers,kombuchatea,kombuchacocktails,kombuchalove,kombucha,,,,,,,,,,,
3,blissfulnutritionist,,,,,,,,,,,,,,,,,,,,,,,,,,,
4,seabirdskitchen,weekendvibes,porquemaria,vegansoÔ¨Åg,brunchtime,veganbrunchnewyork,breakfastofchampions,seabirdssouthcoast,veganfood,chipotleflorentine,kombuchamimosa,,,,,,,,,,,,,,,,,
5,seabirdskitchen,goals,,,,,,,,,,,,,,,,,,,,,,,,,,
6,vidapourtea,,,,,,,,,,,,,,,,,,,,,,,,,,,
7,fermentedteacompany,,,,,,,,,,,,,,,,,,,,,,,,,,,
8,eatmarketplace,nomnom,,,,,,,,,,,,,,,,,,,,,,,,,,
9,farmacyonmain,kombuchabar,ncbusiness,kombuchamimosa,detox,downtownwhiteville,keepitcolumbus,farmacyonmain,tgif,yum,friday,celebrate,whiteville,,,,,,,,,,,,,,,
10,lauraalysewirick,boulderco,mountains,bitcheswhobrunch,southernsunpubandbrewery,kombuchamimosa,buchmosa,,,,,,,,,,,,,,,,,,,,,
11,heritagephilly,kombuchamimosa,newcocktail,friday,booze,,,,,,,,,,,,,,,,,,,,,,,
12,food_effects_nutriti,2020,kombuchamimosa,healthandhappiness,happynewyear,newyearstoast,kombuchacocktail,newyear2019,probioticcocktail,,,,,,,,,,,,,,,,,,,
13,farmacyonmain,whiteville,detox,downtownwhiteville,halotherapy,celebrate,farmacyonmain,happynewyear,keepitcolumbus,kombucha,natural,kombuchamimosa,saltspa,mimosa,columbuscounty,,,,,,,,,,,,,
14,boochorganickombucha,,,,,,,,,,,,,,,,,,,,,,,,,,,
15,yogaomazing,movement,breath,portlandyoga,health,yogahillsboro,yogabeaverton,yoga,wellness,2020,newdecade,yogapdx,yogaomazing,happynewyear,kombuchamimosa,,,,,,,,,,,,,
16,farmacyonmain,,,,,,,,,,,,,,,,,,,,,,,,,,,
17,yuhomesteaders,juicejar,yuhbrunch,quesadillas,deliciousaf,pancakes,brunchallday,kombuchamimosa,juice,,,,,,,,,,,,,,,,,,,
18,katalystkombucha,brewedinmassachusetts,proprobiotic,artisanbeveragecooperative,glutenfree,greenfieldma,kombuchainacan,mocktail,kombucha,sobercurious,kombuchamimosa,kombuchamocktail,drinklocal,katalystkombucha,fairtrade,workerowned,probiotics,livingelixir,,,,,,,,,,
19,gypsylifewellness,,,,,,,,,,,,,,,,,,,,,,,,,,,
20,farmacyonmain,cocktails,probiotic,kombucha,kombuchabar,yumm,whitevillenc,fermented,mimosarecipes,farmacyonmain,happyhour,panaceabrewingcompany,tgif,kombuchamimosa,downtownwhiteville,,,,,,,,,,,,,
21,tonicakombucha,tgif,kombuchamimosa,healthykombucha,fermenteddrinks,kombuchacocktails,fermentedfoods,plantbased,plantbaseddiet,friyay,certifiedorganic,guthealth,organickombucha,kombuchalove,thedeliciouskombucha,healthydrink,kombucha,kombuchahealth,brewedinthe6since2006,kombuchalovers,kombuchaflavours,kombuchaontap,lowsugarbrew,tonicakombucha,organic,glutenfree,madeincanada,raw
22,morningsare4mimosas,kombuchabar,panaceabrewingcompany,mimosabrunch,fermented,mimosarecipes,mimosabar,kombuchamimosa,probiotic,farmacyonmain,kombucha,prebiotics,thirstythursday,cocktails,happyhour,,,,,,,,,,,,,
23,kombuchaontap,bambucha,kombuchaaddict,kombuchamimosa,cultivationkitchen,localkombucha,anaheim,organic,kombuchacocktails,kombuchalove,kombucha,orangecounty,delicious,kombuchatea,kombuchalovers,probiotic,kombuchaontap,,,,,,,,,,,
24,,,,,,,,,,,,,,,,,,,,,,,,,,,,
