,0,1,2,3,4,5,6,7,8,9,10,11,12,13,14,15,16,17,18,19
0,vonbontastic,elfinaround,elfontheshelf,bananasurfer,banana,,,,,,,,,,,,,,,
1,sallyvindas,limonadas,costarica,palomitasdemaiz,playajaco,ensaladasfrutasfrescas,bananasurfer,frutasytablas,frutasytablasjacocr,diadelpadre,,,,,,,,,,
2,sallyvindas,energiaysalud,bananasurfer,jacobeachcostarica,frutasytablasjacocr,repost,jacobeach,salud,ensaladasfrutasfrescas,playajaco,comericoenjaco,nosugar,,,,,,,,
3,d.john__,livin,dope,biggestbananaever,bananasurfer,gottahavefun,turnup,imnothigh,paintmist,,,,,,,,,,,
4,denmaksimof,,,,,,,,,,,,,,,,,,,
5,rodizioricobirmingha,bananasurfer,amazingcocktail,,,,,,,,,,,,,,,,,
6,bananas_van,bananasurfer,wakesurf,puppyinfluencer,,,,,,,,,,,,,,,,
7,bananas_van,portugal,bananafurgonetera,bananasurfer,,,,,,,,,,,,,,,,
8,pankovision on Insta,pvs_lutsk,2019,whithoutelectricity,bananasurfer,,,,,,,,,,,,,,,
9,labrand.r,couplebanana,bananasurfer,,,,,,,,,,,,,,,,,
10,donperrigino,bananasurfer,,,,,,,,,,,,,,,,,,
11,rangergraphix,digital,aerographix,seasanimals,graphic,designer,iloveart,coralreef,ocean,digitalart,bananasurfer,hashtag,water,design,adobe,adobephotoshop,surfer,art,banana,graphicdesign
