,0,1,2,3,4,5,6,7,8,9,10,11,12,13,14,15,16,17,18,19,20
0,liquor,summerparty,,,,,,,,,,,,,,,,,,,
1,thegoodguide,brisbane,hunted,lovethiscity,cocktail,thegoodlife,thelocalhunter,boathousepunch,riverquay,thegoodguide,brisbanefoodie,southbank,visitqld,locallove,thejetty,cocktails,thejettysouthbank,brisbanelife,,,
2,pj__1201,santabarbarastonecrab,sweet,cocktail,scallopsashimi,santabarbarauni,boathousepunch,metime,,,,,,,,,,,,,
3,gigi_hamburg,robbeberking,darknstormy,weloveflensburg,herreshoffmarinemuseum,12metreclass,blacktiedinner,heti12mr,12mrclass,sterlingsilver,induction,12mr,yachtingheritagecentre,boathousepunch,robbeberkingclassics,,,,,,
4,sb_boathouse,,,,,,,,,,,,,,,,,,,,
5,ibiang29,santabarbara,sundaybrunch,foodphotography,boathousepunch,foodie,hangrydiary,photooftheday,brunch,instagramers,santabarbaraeats,eatpraylove,love,punchdrink,calilife,tryitordiet,iphonesia,foodblogger,,,
6,david.m.ho,lakemerritt,happyhour,boathousepunch,oakland,umbrella,lakechalet,,,,,,,,,,,,,,
7,veroorn,breakfast,boathousepunch,chilequiles,,,,,,,,,,,,,,,,,
8,itsnotthyjoyce,seafood,mocktail,boathousepunch,foodie,tbt,boathouseathendrysbeach,foodporn,benedict,throwback,ocean,instafood,brunch,santabarbara,california,,,,,,
9,ithay_cava,thailand,aperitivo,italy,instagood,cavadetirreni,enjoy,aperol,campania,summer,mixology,tanqueraygin,aperithai,drink,salerno,briottet,cocktailoftheday,boathousepunch,thailife,,
10,portschamber,portsmouthnh,seacoastnh,boathousepunch,,,,,,,,,,,,,,,,,
11,jwrunning,cocktail,tasty,boathousepunch,,,,,,,,,,,,,,,,,
12,djro333,waterboozaganza,boathousepunch,cocktailfriday,,,,,,,,,,,,,,,,,
13,sk_the_foodie,delish,yum,cranberryjuice,lunch,jin,clubsoda,cocktails,foodie,citrus,foodies,delicious,boathousepunch,md,columbia,sk,food,yummy,meal,dinner,stanfordgrill
14,bgs_boathouse,clamdinner,lobsterrolls,seafood,friedseafood,sagamorecreek,boathousepunch,summernights,portsmouthnh,bgswherethelocalsgo,bgsboathouse,seacoastnh,waterfrontdining,deckdining,,,,,,,
15,bgs_boathouse,boats,waterfrontdining,marina,alfresco,beach,seacoastnh,bgswherethelocalsgo,lunchwithaview,summerontheseacoast,portsmouthnh,lobster,boathousepunch,kayaks,seafood,cheers,,,,,
16,bgs_boathouse,nhchronicle,waterfrontdining,portsmouthnh,boathousepunch,bgswherethelocalsgo,sagamorecreek,summerontheseacoast,moviestars,famous,seacoastnh,friedseafood,,,,,,,,,
17,bgs_boathouse,steamers,boathousepunch,seacoastfare,friedclams,lobsterrolls,dailydeals,happyhour,bgswherethelocalsgo,bgsboathouse,springisintheair,seacoasteats,portsmouthnh,seafood,lobsters,seacoastnh,,,,,
18,bgs_boathouse,onionrings,friedseafood,lobsterrolls,friedclams,bgswherethelocalsgo,steamers,springiscoming,bgsboathouse,seacoastnh,cheers,deckweather,happyhour,boathousepunch,portsmouthnh,sagamorecreek,hitthedecks,,,,
19,bgs_boathouse,hitthedecks,bgsboathouse,cheers,lobsterrolls,steamers,friedseafood,seacoastnh,sagamorecreek,portsmouthnh,happyhour,bgswherethelocalsgo,onionrings,springiscoming,friedclams,boathousepunch,,,,,
20,bgs_boathouse,bgsboathouse,happyhour,springiscoming,steamers,sagamorecreek,lobsterrolls,seacoastnh,friedclams,portsmouthnh,bgswherethelocalsgo,onionrings,boathousepunch,hitthedecks,friedseafood,,,,,,
21,liquor,summerparty,,,,,,,,,,,,,,,,,,,
22,thegoodguide,southbank,cocktail,brisbane,brisbanefoodie,brisbanelife,lovethiscity,thegoodlife,visitqld,cocktails,thejetty,thejettysouthbank,thelocalhunter,riverquay,boathousepunch,locallove,thegoodguide,hunted,,,
23,pj__1201,boathousepunch,santabarbarauni,santabarbarastonecrab,cocktail,scallopsashimi,metime,sweet,,,,,,,,,,,,,
24,gigi_hamburg,heti12mr,12metreclass,boathousepunch,sterlingsilver,weloveflensburg,blacktiedinner,12mr,robbeberking,yachtingheritagecentre,12mrclass,darknstormy,herreshoffmarinemuseum,induction,robbeberkingclassics,,,,,,
25,sb_boathouse,,,,,,,,,,,,,,,,,,,,
26,ibiang29,sundaybrunch,foodblogger,love,photooftheday,punchdrink,calilife,santabarbaraeats,instagramers,hangrydiary,tryitordiet,iphonesia,eatpraylove,santabarbara,brunch,foodie,boathousepunch,foodphotography,,,
27,david.m.ho,oakland,umbrella,lakechalet,happyhour,boathousepunch,lakemerritt,,,,,,,,,,,,,,
28,veroorn,boathousepunch,breakfast,chilequiles,,,,,,,,,,,,,,,,,
29,itsnotthyjoyce,tbt,brunch,foodie,instafood,boathousepunch,foodporn,throwback,boathouseathendrysbeach,seafood,benedict,california,ocean,mocktail,santabarbara,,,,,,
30,ithay_cava,cocktailoftheday,aperitivo,drink,briottet,salerno,italy,tanqueraygin,campania,instagood,aperithai,cavadetirreni,aperol,summer,mixology,enjoy,thailife,thailand,boathousepunch,,
31,portschamber,boathousepunch,portsmouthnh,seacoastnh,,,,,,,,,,,,,,,,,
32,jwrunning,boathousepunch,cocktail,tasty,,,,,,,,,,,,,,,,,
33,djro333,boathousepunch,cocktailfriday,waterboozaganza,,,,,,,,,,,,,,,,,
34,sk_the_foodie,foodie,boathousepunch,jin,meal,citrus,delicious,md,lunch,yummy,cranberryjuice,columbia,sk,cocktails,food,stanfordgrill,delish,dinner,foodies,clubsoda,yum
35,bgs_boathouse,boathousepunch,friedseafood,bgsboathouse,lobsterrolls,summernights,portsmouthnh,waterfrontdining,deckdining,sagamorecreek,clamdinner,seafood,seacoastnh,bgswherethelocalsgo,,,,,,,
36,bgs_boathouse,marina,alfresco,portsmouthnh,waterfrontdining,beach,boathousepunch,boats,bgswherethelocalsgo,cheers,summerontheseacoast,seafood,seacoastnh,lobster,lunchwithaview,kayaks,,,,,
37,bgs_boathouse,portsmouthnh,nhchronicle,bgswherethelocalsgo,famous,friedseafood,boathousepunch,waterfrontdining,moviestars,summerontheseacoast,sagamorecreek,seacoastnh,,,,,,,,,
38,bgs_boathouse,boathousepunch,seacoastnh,springisintheair,portsmouthnh,happyhour,seacoasteats,seacoastfare,friedclams,bgsboathouse,lobsters,dailydeals,steamers,seafood,bgswherethelocalsgo,lobsterrolls,,,,,
39,bgs_boathouse,bgswherethelocalsgo,steamers,happyhour,cheers,friedclams,portsmouthnh,springiscoming,sagamorecreek,boathousepunch,friedseafood,deckweather,bgsboathouse,seacoastnh,onionrings,hitthedecks,lobsterrolls,,,,
40,bgs_boathouse,happyhour,portsmouthnh,seacoastnh,cheers,bgswherethelocalsgo,boathousepunch,springiscoming,sagamorecreek,friedseafood,steamers,friedclams,onionrings,lobsterrolls,hitthedecks,bgsboathouse,,,,,
41,bgs_boathouse,steamers,seacoastnh,onionrings,boathousepunch,happyhour,springiscoming,bgswherethelocalsgo,portsmouthnh,friedclams,lobsterrolls,hitthedecks,friedseafood,sagamorecreek,bgsboathouse,,,,,,
42,bgs_boathouse,boathousepunch,bgsboathouse,lobsterrolls,hitthedecks,bgswherethelocalsgo,sagamorecreek,friedclams,springiscoming,friedseafood,happyhour,portsmouthnh,seacoastnh,onionrings,steamers,,,,,,
43,bgs_boathouse,portsmouthnh,seacoastnh,onionrings,friedseafood,bgsboathouse,steamers,lobsterrolls,friedclams,hitthedecks,bgswherethelocalsgo,boathousepunch,sagamorecreek,,,,,,,,
44,seacoasthappyhours,bgswherethelocalsgo,happyhour,seacoasthappyhours,bgsboathouse,seacoastnh,deckseason,summer,summerontheseacoast,friedseafood,cheers,portsmouthnh,boathousepunch,clinkclink,drinksonthedeck,deckweather,,,,,
45,milljame,boathousepunch,,,,,,,,,,,,,,,,,,,
46,staceyrey,girlsnightin,lovingaperol,boathousepunch,gincocktails,,,,,,,,,,,,,,,,
47,deletecookies,punch,rose,flamingo,aperol,boathousepunch,stgermain,cocktail,birthday,alcohol,,,,,,,,,,,
48,bgs_boathouse,springiscoming,boathousepunch,lobsterroll,happyhour,portsmouthnh,40thseason,seacoastnh,friedclams,lobster,bgsboathouse,,,,,,,,,,
49,bgs_boathouse,lobster,40thseason,bgsboathouse,portsmouthnh,seacoastnh,lobsterroll,boathousepunch,friedclams,,,,,,,,,,,,
50,uysandre,sunset,boathousepunch,,,,,,,,,,,,,,,,,,
51,bgs_boathouse,seacoastnh,boathousepunch,fallisintheair,portsmouthnh,columbusday,bgswherethelocalsgo,,,,,,,,,,,,,,
52,bgs_boathouse,bgs,boathousepunch,bgsboathouse,portsmouthnh,,,,,,,,,,,,,,,,
53,coffee.and.dope on I,rum,drink,punch,delicious,lifestyle,cheers,tropical,cocktail,local,celebrate,luxury,boathouse,nutmeg,boathousepunch,mixology,coffeeanddope,,,,
54,liquor,summerparty,,,,,,,,,,,,,,,,,,,
55,thegoodguide,cocktail,thejetty,thelocalhunter,lovethiscity,riverquay,visitqld,brisbanelife,southbank,boathousepunch,thegoodlife,brisbanefoodie,thegoodguide,hunted,cocktails,brisbane,thejettysouthbank,locallove,,,
56,pj__1201,santabarbarastonecrab,scallopsashimi,santabarbarauni,sweet,metime,cocktail,boathousepunch,,,,,,,,,,,,,
57,gigi_hamburg,herreshoffmarinemuseum,12mrclass,12mr,blacktiedinner,yachtingheritagecentre,sterlingsilver,12metreclass,weloveflensburg,darknstormy,robbeberkingclassics,heti12mr,boathousepunch,robbeberking,induction,,,,,,
58,sb_boathouse,,,,,,,,,,,,,,,,,,,,
59,ibiang29,foodblogger,iphonesia,foodphotography,love,tryitordiet,santabarbaraeats,foodie,calilife,sundaybrunch,photooftheday,brunch,santabarbara,punchdrink,eatpraylove,instagramers,hangrydiary,boathousepunch,,,
60,david.m.ho,oakland,happyhour,umbrella,lakechalet,lakemerritt,boathousepunch,,,,,,,,,,,,,,
61,veroorn,breakfast,chilequiles,boathousepunch,,,,,,,,,,,,,,,,,
62,itsnotthyjoyce,boathousepunch,foodporn,instafood,throwback,foodie,ocean,tbt,brunch,california,benedict,mocktail,boathouseathendrysbeach,santabarbara,seafood,,,,,,
63,ithay_cava,instagood,italy,boathousepunch,aperitivo,aperol,thailand,summer,tanqueraygin,mixology,thailife,cocktailoftheday,salerno,aperithai,enjoy,briottet,campania,drink,cavadetirreni,,
64,portschamber,boathousepunch,seacoastnh,portsmouthnh,,,,,,,,,,,,,,,,,
65,jwrunning,tasty,cocktail,boathousepunch,,,,,,,,,,,,,,,,,
66,djro333,cocktailfriday,waterboozaganza,boathousepunch,,,,,,,,,,,,,,,,,
67,sk_the_foodie,sk,foodies,yummy,food,delicious,yum,meal,citrus,md,stanfordgrill,jin,foodie,lunch,cranberryjuice,delish,clubsoda,cocktails,dinner,columbia,boathousepunch
68,bgs_boathouse,friedseafood,sagamorecreek,waterfrontdining,bgsboathouse,boathousepunch,lobsterrolls,seafood,seacoastnh,summernights,portsmouthnh,clamdinner,bgswherethelocalsgo,deckdining,,,,,,,
69,bgs_boathouse,seafood,seacoastnh,lobster,lunchwithaview,boathousepunch,kayaks,boats,summerontheseacoast,beach,cheers,alfresco,portsmouthnh,bgswherethelocalsgo,waterfrontdining,marina,,,,,
70,bgs_boathouse,moviestars,boathousepunch,waterfrontdining,nhchronicle,bgswherethelocalsgo,sagamorecreek,portsmouthnh,seacoastnh,famous,friedseafood,summerontheseacoast,,,,,,,,,
71,bgs_boathouse,bgswherethelocalsgo,bgsboathouse,springisintheair,friedclams,steamers,lobsters,seafood,portsmouthnh,dailydeals,seacoastfare,happyhour,lobsterrolls,boathousepunch,seacoasteats,seacoastnh,,,,,
72,bgs_boathouse,onionrings,friedclams,cheers,lobsterrolls,friedseafood,portsmouthnh,bgsboathouse,bgswherethelocalsgo,boathousepunch,happyhour,sagamorecreek,seacoastnh,deckweather,springiscoming,hitthedecks,steamers,,,,
73,bgs_boathouse,happyhour,hitthedecks,sagamorecreek,seacoastnh,portsmouthnh,steamers,springiscoming,lobsterrolls,friedclams,bgswherethelocalsgo,onionrings,bgsboathouse,boathousepunch,friedseafood,cheers,,,,,
74,bgs_boathouse,springiscoming,hitthedecks,lobsterrolls,steamers,friedseafood,sagamorecreek,bgswherethelocalsgo,seacoastnh,onionrings,happyhour,bgsboathouse,boathousepunch,portsmouthnh,friedclams,,,,,,
75,bgs_boathouse,boathousepunch,sagamorecreek,lobsterrolls,friedseafood,onionrings,happyhour,bgsboathouse,portsmouthnh,seacoastnh,springiscoming,hitthedecks,steamers,friedclams,bgswherethelocalsgo,,,,,,
76,bgs_boathouse,onionrings,boathousepunch,portsmouthnh,bgsboathouse,steamers,friedseafood,lobsterrolls,seacoastnh,bgswherethelocalsgo,friedclams,hitthedecks,sagamorecreek,,,,,,,,
77,seacoasthappyhours,summerontheseacoast,deckseason,seacoasthappyhours,happyhour,boathousepunch,bgsboathouse,portsmouthnh,drinksonthedeck,seacoastnh,cheers,clinkclink,deckweather,bgswherethelocalsgo,friedseafood,summer,,,,,
78,milljame,boathousepunch,,,,,,,,,,,,,,,,,,,
79,staceyrey,boathousepunch,gincocktails,girlsnightin,lovingaperol,,,,,,,,,,,,,,,,
80,deletecookies,boathousepunch,flamingo,alcohol,punch,cocktail,rose,stgermain,birthday,aperol,,,,,,,,,,,
81,bgs_boathouse,portsmouthnh,springiscoming,bgsboathouse,seacoastnh,friedclams,lobsterroll,boathousepunch,lobster,40thseason,happyhour,,,,,,,,,,
82,bgs_boathouse,40thseason,friedclams,boathousepunch,lobster,seacoastnh,bgsboathouse,portsmouthnh,lobsterroll,,,,,,,,,,,,
83,uysandre,sunset,boathousepunch,,,,,,,,,,,,,,,,,,
84,bgs_boathouse,portsmouthnh,columbusday,seacoastnh,bgswherethelocalsgo,boathousepunch,fallisintheair,,,,,,,,,,,,,,
85,bgs_boathouse,boathousepunch,bgsboathouse,portsmouthnh,bgs,,,,,,,,,,,,,,,,
86,coffee.and.dope on I,lifestyle,celebrate,nutmeg,boathouse,cocktail,punch,boathousepunch,local,mixology,tropical,coffeeanddope,delicious,rum,cheers,luxury,drink,,,,
87,libation_report,cocktails,thelibationreport,boathousepunch,,,,,,,,,,,,,,,,,
88,instasarah03,lakechalet,boathousepunch,corinsbridaldinner,happyhour,coworkers,,,,,,,,,,,,,,,
89,adrienneguide on Ins,boathousepunch,stgermaincocktails,flapper,jazz,dreamysunday,jazzagelawnparty,,,,,,,,,,,,,,
90,mixedandmashed,aperol,stgermain,bubbly,punch,boathousepunch,gin,,,,,,,,,,,,,,
91,bgs_boathouse,boathousepunch,cheers,seacoastnh,memorialdayweekend2015,wherethelocalsgo,tgif,,,,,,,,,,,,,,
92,krys_chelle,boathouse,santabarbara,home,heavenly,boathousepunch,crabcakebenedit,thepit,,,,,,,,,,,,,
93,bgs_boathouse,contests,seacoastnh,boathousepunch,wherethelocalsgo,portsmouthnh,seafood,,,,,,,,,,,,,,
94,bgs_boathouse,bgsboathouse,boathousepunch,seafood,openingday2015,wherethelocalsgo,lobsters,sagamorecreek,,,,,,,,,,,,,
95,phatmifer,ilovemylife,sunset,ocean,boathousepunch,california,santabarbara,friends,,,,,,,,,,,,,
96,liquor,summerparty,,,,,,,,,,,,,,,,,,,
97,thegoodguide,cocktail,lovethiscity,hunted,brisbanelife,thejetty,brisbane,visitqld,riverquay,brisbanefoodie,southbank,thegoodguide,boathousepunch,thegoodlife,thelocalhunter,cocktails,thejettysouthbank,locallove,,,
98,pj__1201,sweet,santabarbarastonecrab,boathousepunch,scallopsashimi,cocktail,metime,santabarbarauni,,,,,,,,,,,,,
99,gigi_hamburg,boathousepunch,induction,12mrclass,robbeberkingclassics,weloveflensburg,yachtingheritagecentre,12mr,sterlingsilver,blacktiedinner,12metreclass,herreshoffmarinemuseum,darknstormy,robbeberking,heti12mr,,,,,,
100,sb_boathouse,,,,,,,,,,,,,,,,,,,,
101,ibiang29,foodblogger,foodie,love,sundaybrunch,tryitordiet,calilife,santabarbara,santabarbaraeats,foodphotography,eatpraylove,hangrydiary,boathousepunch,photooftheday,iphonesia,instagramers,brunch,punchdrink,,,
102,david.m.ho,lakemerritt,lakechalet,happyhour,boathousepunch,umbrella,oakland,,,,,,,,,,,,,,
103,veroorn,breakfast,boathousepunch,chilequiles,,,,,,,,,,,,,,,,,
104,itsnotthyjoyce,brunch,benedict,santabarbara,throwback,seafood,mocktail,california,ocean,tbt,foodie,boathouseathendrysbeach,foodporn,instafood,boathousepunch,,,,,,
105,djro333,waterboozaganza,cocktailfriday,boathousepunch,,,,,,,,,,,,,,,,,
106,sk_the_foodie,delicious,yummy,md,jin,columbia,cocktails,citrus,lunch,delish,dinner,stanfordgrill,boathousepunch,meal,cranberryjuice,foodie,clubsoda,sk,food,foodies,yum
107,bgs_boathouse,portsmouthnh,sagamorecreek,seafood,boathousepunch,bgswherethelocalsgo,summernights,lobsterrolls,deckdining,waterfrontdining,friedseafood,seacoastnh,clamdinner,bgsboathouse,,,,,,,
108,bgs_boathouse,bgswherethelocalsgo,seafood,portsmouthnh,lunchwithaview,boathousepunch,cheers,kayaks,waterfrontdining,alfresco,seacoastnh,lobster,beach,marina,summerontheseacoast,boats,,,,,
109,bgs_boathouse,famous,friedseafood,seacoastnh,sagamorecreek,boathousepunch,bgswherethelocalsgo,nhchronicle,portsmouthnh,waterfrontdining,moviestars,summerontheseacoast,,,,,,,,,
110,bgs_boathouse,dailydeals,bgsboathouse,friedclams,steamers,seacoastfare,boathousepunch,portsmouthnh,springisintheair,bgswherethelocalsgo,seafood,happyhour,lobsters,seacoasteats,lobsterrolls,seacoastnh,,,,,
111,bgs_boathouse,bgswherethelocalsgo,lobsterrolls,sagamorecreek,bgsboathouse,friedclams,boathousepunch,portsmouthnh,friedseafood,onionrings,springiscoming,deckweather,steamers,cheers,seacoastnh,hitthedecks,happyhour,,,,
112,bgs_boathouse,cheers,boathousepunch,steamers,hitthedecks,happyhour,friedclams,friedseafood,onionrings,bgsboathouse,lobsterrolls,portsmouthnh,sagamorecreek,seacoastnh,bgswherethelocalsgo,springiscoming,,,,,
113,bgs_boathouse,friedclams,steamers,happyhour,springiscoming,sagamorecreek,bgswherethelocalsgo,boathousepunch,portsmouthnh,bgsboathouse,friedseafood,lobsterrolls,hitthedecks,onionrings,seacoastnh,,,,,,
114,bgs_boathouse,friedseafood,seacoastnh,happyhour,bgswherethelocalsgo,boathousepunch,sagamorecreek,bgsboathouse,onionrings,springiscoming,friedclams,portsmouthnh,hitthedecks,lobsterrolls,steamers,,,,,,
115,bgs_boathouse,hitthedecks,onionrings,bgsboathouse,steamers,seacoastnh,friedseafood,sagamorecreek,bgswherethelocalsgo,boathousepunch,friedclams,lobsterrolls,portsmouthnh,,,,,,,,
116,seacoasthappyhours,happyhour,boathousepunch,deckseason,portsmouthnh,deckweather,seacoastnh,summerontheseacoast,friedseafood,summer,seacoasthappyhours,cheers,clinkclink,bgsboathouse,drinksonthedeck,bgswherethelocalsgo,,,,,
117,milljame,boathousepunch,,,,,,,,,,,,,,,,,,,
118,staceyrey,lovingaperol,boathousepunch,gincocktails,girlsnightin,,,,,,,,,,,,,,,,
119,deletecookies,stgermain,flamingo,aperol,birthday,boathousepunch,cocktail,rose,alcohol,punch,,,,,,,,,,,
120,bgs_boathouse,happyhour,lobsterroll,40thseason,lobster,friedclams,boathousepunch,portsmouthnh,seacoastnh,bgsboathouse,springiscoming,,,,,,,,,,
121,bgs_boathouse,bgsboathouse,friedclams,lobster,lobsterroll,boathousepunch,40thseason,seacoastnh,portsmouthnh,,,,,,,,,,,,
122,uysandre,boathousepunch,sunset,,,,,,,,,,,,,,,,,,
123,bgs_boathouse,boathousepunch,columbusday,fallisintheair,seacoastnh,bgswherethelocalsgo,portsmouthnh,,,,,,,,,,,,,,
124,bgs_boathouse,portsmouthnh,bgs,boathousepunch,bgsboathouse,,,,,,,,,,,,,,,,
125,coffee.and.dope on I,cheers,delicious,nutmeg,rum,cocktail,tropical,punch,drink,local,luxury,celebrate,coffeeanddope,boathousepunch,lifestyle,mixology,boathouse,,,,
126,libation_report,cocktails,boathousepunch,thelibationreport,,,,,,,,,,,,,,,,,
127,instasarah03,happyhour,lakechalet,boathousepunch,corinsbridaldinner,coworkers,,,,,,,,,,,,,,,
128,adrienneguide on Ins,stgermaincocktails,jazzagelawnparty,boathousepunch,jazz,flapper,dreamysunday,,,,,,,,,,,,,,
129,mixedandmashed,boathousepunch,gin,aperol,punch,stgermain,bubbly,,,,,,,,,,,,,,
130,bgs_boathouse,cheers,wherethelocalsgo,seacoastnh,tgif,memorialdayweekend2015,boathousepunch,,,,,,,,,,,,,,
131,krys_chelle,santabarbara,heavenly,boathousepunch,home,crabcakebenedit,boathouse,thepit,,,,,,,,,,,,,
132,bgs_boathouse,portsmouthnh,seafood,boathousepunch,seacoastnh,contests,wherethelocalsgo,,,,,,,,,,,,,,
133,bgs_boathouse,boathousepunch,lobsters,sagamorecreek,wherethelocalsgo,bgsboathouse,seafood,openingday2015,,,,,,,,,,,,,
134,phatmifer,santabarbara,sunset,ilovemylife,california,ocean,boathousepunch,friends,,,,,,,,,,,,,
