,0,1,2,3,4,5,6,7,8,9,10,11,12,13,14,15,16,17,18,19,20,21,22,23,24,25,26
0,zerospecbebop,,,,,,,,,,,,,,,,,,,,,,,,,,
1,mokro_,,,,,,,,,,,,,,,,,,,,,,,,,,
2,giffardasiapacific,,,,,,,,,,,,,,,,,,,,,,,,,,
3,queenbeemixology,,,,,,,,,,,,,,,,,,,,,,,,,,
4,puss_n_booch,itsathing,grapeandgrain,tequilamanhattan,happyhour,friyeah,,,,,,,,,,,,,,,,,,,,,
5,queenbeemixology,,,,,,,,,,,,,,,,,,,,,,,,,,
6,scrappysbitters,,,,,,,,,,,,,,,,,,,,,,,,,,
7,outlinedcloth,,,,,,,,,,,,,,,,,,,,,,,,,,
8,bonnieclydesgrapevin,whattodotuesday,tequilatuesday,tequilaanejo,tequilasunrise,tequilamanhattan,tequilablanco,chalinospecial,tequila,tequilareposado,margaritas,grapevinetx,tequilapaloma,mojitoblanco,,,,,,,,,,,,,
9,wineclubliquorland,drinks,tequila,tequilashots,a√±ejo,drinksrecipes,donjuliotequila,tequilamanhattan,tequilacocktails,tequilaanejo,liquorstore,liquorland,,,,,,,,,,,,,,,
10,carsbeerkpop on Inst,tequilabutcher,tequilamanhattan,,,,,,,,,,,,,,,,,,,,,,,,
11,reidumstattd,loveyounewyorkcity,letmebemyself,citythatneversleeps,tequilamanhattan,,,,,,,,,,,,,,,,,,,,,,
12,thefoxandcrowcafe (@,123organictequila,123spirits,dontdrinkalone,goorganic,tequilamanhattan,,,,,,,,,,,,,,,,,,,,,
13,kaique_guimaraes,tequilamanhattan,marguerita,tequilasunrise,,,,,,,,,,,,,,,,,,,,,,,
14,thefoxandcrowcafe (@,brinywellfleetoysters,oystersfordinner,tequilamanhattan,organicnaturally,wellfleetoysters,checksinthemail,simplefoods,,,,,,,,,,,,,,,,,,,
15,underaged_alcoholics,manhattan,liquor,underagedalcoholics,instafamous,booze,bartend,like,drinkoftheweek,mixology,drunks,follow,sweetvermouth,alcoholics,legal,bar,comment,alcohol,bartender,drink,tequilamanhattan,tipsy,tequila,cocktail,bitters,,
16,stgalla on Instagram,tequila,bemelmansbar,plusone,cocktailhour,cocktailsathome,tequilamanhattan,,,,,,,,,,,,,,,,,,,,
17,papparabbit_mgm,drinkmamarabbit,m√°stequila,dosartestequila,fidenciopechuga,herradurasuprema,donamadolargo,tequilamanhattan,corazonold22,casaamigosmezcal,m√°smezcal,,,,,,,,,,,,,,,,
18,delicious_craic,drinkgod,nationaltequiladay,jsqlounge,,,,,,,,,,,,,,,,,,,,,,,
19,sapphirelaguna,tequila,visitlaguna,tequiladinner,visitlagunabeach,codigo1530tequila,nationaltequiladay,manhattan,craftcocktails,tequilamanhattan,codigo1530,sapphirelaguna,lagunabeach,tequilalovers,cocktails,happyhour,,,,,,,,,,,
20,nolaguys,tequilamanhattan,labreablvd,cocktails,aretteanejo,labreadistrict,odysandpenelope,aretteanejotequila,cocktailporn,,,,,,,,,,,,,,,,,,
21,zerospecbebop,,,,,,,,,,,,,,,,,,,,,,,,,,
22,mokro_,,,,,,,,,,,,,,,,,,,,,,,,,,
23,giffardasiapacific,,,,,,,,,,,,,,,,,,,,,,,,,,
24,queenbeemixology,,,,,,,,,,,,,,,,,,,,,,,,,,
25,puss_n_booch,happyhour,friyeah,tequilamanhattan,grapeandgrain,itsathing,,,,,,,,,,,,,,,,,,,,,
26,queenbeemixology,,,,,,,,,,,,,,,,,,,,,,,,,,
27,scrappysbitters,,,,,,,,,,,,,,,,,,,,,,,,,,
28,outlinedcloth,,,,,,,,,,,,,,,,,,,,,,,,,,
29,bonnieclydesgrapevin,tequilablanco,chalinospecial,tequilamanhattan,tequilasunrise,whattodotuesday,tequilareposado,tequila,tequilaanejo,tequilatuesday,margaritas,mojitoblanco,tequilapaloma,grapevinetx,,,,,,,,,,,,,
30,wineclubliquorland,drinks,liquorstore,tequilaanejo,tequilashots,drinksrecipes,tequilamanhattan,liquorland,tequila,tequilacocktails,a√±ejo,donjuliotequila,,,,,,,,,,,,,,,
31,carsbeerkpop on Inst,tequilabutcher,tequilamanhattan,,,,,,,,,,,,,,,,,,,,,,,,
32,reidumstattd,citythatneversleeps,letmebemyself,tequilamanhattan,loveyounewyorkcity,,,,,,,,,,,,,,,,,,,,,,
33,thefoxandcrowcafe (@,123organictequila,tequilamanhattan,dontdrinkalone,123spirits,goorganic,,,,,,,,,,,,,,,,,,,,,
34,kaique_guimaraes,tequilasunrise,marguerita,tequilamanhattan,,,,,,,,,,,,,,,,,,,,,,,
35,thefoxandcrowcafe (@,organicnaturally,brinywellfleetoysters,tequilamanhattan,oystersfordinner,checksinthemail,wellfleetoysters,simplefoods,,,,,,,,,,,,,,,,,,,
36,underaged_alcoholics,liquor,drunks,like,instafamous,legal,cocktail,drink,bar,manhattan,follow,tequilamanhattan,alcohol,booze,comment,bartender,mixology,bartend,bitters,underagedalcoholics,tipsy,sweetvermouth,drinkoftheweek,tequila,alcoholics,,
37,stgalla on Instagram,tequilamanhattan,cocktailsathome,cocktailhour,plusone,bemelmansbar,tequila,,,,,,,,,,,,,,,,,,,,
38,papparabbit_mgm,corazonold22,tequilamanhattan,herradurasuprema,drinkmamarabbit,donamadolargo,dosartestequila,casaamigosmezcal,m√°stequila,fidenciopechuga,m√°smezcal,,,,,,,,,,,,,,,,
39,delicious_craic,drinkgod,nationaltequiladay,jsqlounge,,,,,,,,,,,,,,,,,,,,,,,
40,sapphirelaguna,tequiladinner,happyhour,tequilalovers,manhattan,visitlagunabeach,codigo1530tequila,lagunabeach,visitlaguna,nationaltequiladay,codigo1530,tequila,craftcocktails,tequilamanhattan,cocktails,sapphirelaguna,,,,,,,,,,,
41,nolaguys,labreablvd,aretteanejotequila,labreadistrict,tequilamanhattan,aretteanejo,odysandpenelope,cocktailporn,cocktails,,,,,,,,,,,,,,,,,,
42,barhappy_app,tequilacocktails,sundayfunday,tequilamanhattan,drinks,thepaloma,cincodemayo,tequilasunrise,tequila,margarita,chilanospecial,,,,,,,,,,,,,,,,
43,dougrago,gratitude,italian,imaluckyguy,husbandtime,sogood,datenight,weekendvibes,gravy,hollywoodlife,southphilly,rocks,sundaysupper,raoshollywood,sauce,italianfood,tequilamanhattan,,,,,,,,,,
44,kgiovannini_sews,camarenasilver,tequilamanhattan,,,,,,,,,,,,,,,,,,,,,,,,
45,teeqtequila,fridaydrinks,tequilalover,detroit,downrivermichigan,tequilas,puremichigan,downtowndetroit,tequilamanhattan,waynecounty,tequilaoldfashioned,upperpeninsulamichigan,westmichigan,downriverdrinks,tequiladrinks,michigan,upnorthmichigan,michigandrinks,fridaydrinking,,,,,,,,
46,zhang_yui,tequilamanhattan,‰∏âÈÄ£‰ºë,Â∏∏ÁÜüË∑Ø,‰∏äÊµ∑,,,,,,,,,,,,,,,,,,,,,,
47,markcsgreen,steakhouse,tequilamanhattan,broadway,nyc,,,,,,,,,,,,,,,,,,,,,,
48,tha1jay,piscosour,comegetit,ü•É,cocktails,rumoldfashioned,drink,tequilamanhattan,,,,,,,,,,,,,,,,,,,
49,eav_bartender92,tequilamanhattan,tequila,,,,,,,,,,,,,,,,,,,,,,,,
50,licguy,blancotequila,tequilamanhattan,mexicanmule,astorcenternyc,ocholalatilla,libations,spiritseducation,tequila,reposadotequila,eljimador,anejotequila,puebloviejo,passionfruitmargarita,cocktails,tequilapunch,tequilacocktails,,,,,,,,,,
51,case_see,somervillenj,tequilamanhattan,modernclassics,tequila,downtownsomerville,manhattan,saltedlime,classiccocktails,,,,,,,,,,,,,,,,,,
52,royerhometeam,aurorarealestate,tequila,suavecito,tequilamanhattan,denverrealestate,,,,,,,,,,,,,,,,,,,,,
53,teeqtequila,tequilamanhattan,westmichigan,michiganmargarita,michigantacos,muskegonriver,teeqtequila,drinkstagram,manhattandrink,tequilacocktails,westmichiganfoodie,cheersdetroit,michiganmexicanfood,grandrapidsmi,tacosandtequila,streettacos,grandrapidsdaily,muskegon,watchmuskegon,muskegonmi,michigan,grandrapidsmichigan,muskegonmichigan,grandrapidsfoodie,greatlakes,puremichigan,
54,zerospecbebop,,,,,,,,,,,,,,,,,,,,,,,,,,
55,mokro_,,,,,,,,,,,,,,,,,,,,,,,,,,
56,giffardasiapacific,,,,,,,,,,,,,,,,,,,,,,,,,,
57,queenbeemixology,,,,,,,,,,,,,,,,,,,,,,,,,,
58,puss_n_booch,happyhour,grapeandgrain,tequilamanhattan,itsathing,friyeah,,,,,,,,,,,,,,,,,,,,,
59,queenbeemixology,,,,,,,,,,,,,,,,,,,,,,,,,,
60,scrappysbitters,,,,,,,,,,,,,,,,,,,,,,,,,,
61,outlinedcloth,,,,,,,,,,,,,,,,,,,,,,,,,,
62,bonnieclydesgrapevin,tequila,tequilamanhattan,chalinospecial,grapevinetx,tequilatuesday,tequilapaloma,whattodotuesday,tequilablanco,margaritas,tequilasunrise,tequilareposado,tequilaanejo,mojitoblanco,,,,,,,,,,,,,
63,wineclubliquorland,drinks,tequila,tequilaanejo,tequilashots,donjuliotequila,tequilacocktails,drinksrecipes,liquorland,liquorstore,a√±ejo,tequilamanhattan,,,,,,,,,,,,,,,
64,carsbeerkpop on Inst,tequilabutcher,tequilamanhattan,,,,,,,,,,,,,,,,,,,,,,,,
65,reidumstattd,letmebemyself,citythatneversleeps,tequilamanhattan,loveyounewyorkcity,,,,,,,,,,,,,,,,,,,,,,
66,thefoxandcrowcafe (@,tequilamanhattan,123spirits,dontdrinkalone,123organictequila,goorganic,,,,,,,,,,,,,,,,,,,,,
67,kaique_guimaraes,tequilamanhattan,tequilasunrise,marguerita,,,,,,,,,,,,,,,,,,,,,,,
68,thefoxandcrowcafe (@,tequilamanhattan,oystersfordinner,organicnaturally,brinywellfleetoysters,simplefoods,wellfleetoysters,checksinthemail,,,,,,,,,,,,,,,,,,,
69,underaged_alcoholics,tequilamanhattan,alcohol,booze,cocktail,instafamous,liquor,sweetvermouth,drink,mixology,follow,bar,tequila,underagedalcoholics,like,bartender,bartend,legal,manhattan,alcoholics,tipsy,drinkoftheweek,comment,bitters,drunks,,
70,stgalla on Instagram,cocktailsathome,bemelmansbar,tequila,plusone,tequilamanhattan,cocktailhour,,,,,,,,,,,,,,,,,,,,
71,papparabbit_mgm,fidenciopechuga,tequilamanhattan,corazonold22,dosartestequila,m√°smezcal,casaamigosmezcal,herradurasuprema,drinkmamarabbit,m√°stequila,donamadolargo,,,,,,,,,,,,,,,,
72,delicious_craic,nationaltequiladay,drinkgod,jsqlounge,,,,,,,,,,,,,,,,,,,,,,,
73,sapphirelaguna,nationaltequiladay,lagunabeach,craftcocktails,sapphirelaguna,visitlaguna,codigo1530tequila,cocktails,manhattan,tequilalovers,tequila,visitlagunabeach,happyhour,codigo1530,tequiladinner,tequilamanhattan,,,,,,,,,,,
74,nolaguys,cocktails,aretteanejo,labreablvd,tequilamanhattan,aretteanejotequila,labreadistrict,odysandpenelope,cocktailporn,,,,,,,,,,,,,,,,,,
75,barhappy_app,margarita,drinks,thepaloma,chilanospecial,tequilacocktails,tequila,tequilamanhattan,tequilasunrise,sundayfunday,cincodemayo,,,,,,,,,,,,,,,,
76,dougrago,sundaysupper,italianfood,husbandtime,gratitude,datenight,raoshollywood,weekendvibes,imaluckyguy,sauce,southphilly,italian,hollywoodlife,sogood,tequilamanhattan,rocks,gravy,,,,,,,,,,
77,kgiovannini_sews,tequilamanhattan,camarenasilver,,,,,,,,,,,,,,,,,,,,,,,,
78,teeqtequila,westmichigan,fridaydrinking,upperpeninsulamichigan,downrivermichigan,puremichigan,michigan,michigandrinks,tequilalover,upnorthmichigan,downriverdrinks,detroit,tequilas,fridaydrinks,tequilamanhattan,tequilaoldfashioned,downtowndetroit,tequiladrinks,waynecounty,,,,,,,,
79,zhang_yui,Â∏∏ÁÜüË∑Ø,‰∏äÊµ∑,‰∏âÈÄ£‰ºë,tequilamanhattan,,,,,,,,,,,,,,,,,,,,,,
80,markcsgreen,broadway,steakhouse,tequilamanhattan,nyc,,,,,,,,,,,,,,,,,,,,,,
81,tha1jay,piscosour,comegetit,tequilamanhattan,rumoldfashioned,ü•É,cocktails,drink,,,,,,,,,,,,,,,,,,,
82,eav_bartender92,tequilamanhattan,tequila,,,,,,,,,,,,,,,,,,,,,,,,
83,licguy,tequilapunch,tequila,astorcenternyc,ocholalatilla,cocktails,tequilamanhattan,libations,tequilacocktails,mexicanmule,passionfruitmargarita,reposadotequila,puebloviejo,anejotequila,blancotequila,spiritseducation,eljimador,,,,,,,,,,
84,case_see,classiccocktails,tequilamanhattan,modernclassics,downtownsomerville,tequila,somervillenj,saltedlime,manhattan,,,,,,,,,,,,,,,,,,
85,royerhometeam,suavecito,tequilamanhattan,denverrealestate,tequila,aurorarealestate,,,,,,,,,,,,,,,,,,,,,
86,teeqtequila,puremichigan,tequilamanhattan,grandrapidsfoodie,tacosandtequila,manhattandrink,muskegonmichigan,streettacos,grandrapidsmichigan,greatlakes,grandrapidsdaily,muskegonmi,tequilacocktails,westmichigan,cheersdetroit,teeqtequila,westmichiganfoodie,watchmuskegon,michigantacos,michiganmargarita,grandrapidsmi,muskegon,michiganmexicanfood,muskegonriver,drinkstagram,michigan,
87,fredericyarm,drinkporn,tequilamanhattan,igsomerville,igboston,drinkstagram,cocktails,cocktailporn,cocktailgram,mezcal,igdrink,tequila,bosfeed,igcocktail,bostonigers,imbibegram,,,,,,,,,,,
88,nolaguys,pretheater,hollywood,stfelixhwd,manhattanup,manhattan,herraduraanejo,cocktails,tequilamanhattan,,,,,,,,,,,,,,,,,,
89,searchandrescuedenim,,,,,,,,,,,,,,,,,,,,,,,,,,
90,cocktailsbyhawk,,,,,,,,,,,,,,,,,,,,,,,,,,
91,searchandrescuedenim,recognition,cocktailsbyhawk,craftcocktails,bartenderlife,bartender,tequilamanhattan,mixology,cocktails,apronfamily,,,,,,,,,,,,,,,,,
92,cocktailsbyhawk,recognition,tequilamanhattan,cocktailsbyhawk,,,,,,,,,,,,,,,,,,,,,,,
93,hazetheater,sponsorship,tequilaelrey,cheers,repost,cocktails,sf,hazepopart,bar,toyourhealth,nightlife,sanfrancisco,thanks,drinks,drinkresponsibly,thankyou,reignsupreme,tequila,sfbayarea,hazeinsf,topshelf,tequilamanhattan,hazetheater,,,,
94,gabriel.rov,distritofederalcocktail,tequilamanhattan,cocktails,mixology,baracocktail,barfrida,picofthenight,instadrink,bar,vermouth,cocktail,tequila,mixologist,fridabordeaux,twistorange,manhattandrink,tapas,bitter,distritofederal,manhattancocktail,instadrinks,,,,,
95,manhattanbariasi,iasi,tequilamanhattan,manhattanbariasi,iasicity,romania,chance,distractie,party,tonightsforecast,tequilashots,tequila,,,,,,,,,,,,,,,
96,peanuts.ufo,„ÉÜ„Ç≠„Éº„É©„Éû„É≥„Éè„ÉÉ„Çø„É≥,ÂÆÖ„ÉÜ„É´,üç∏,manhattan,tequilamanhattan,Èá£„Çä,„ÉÜ„Ç≠„Éº„É©,„Éû„É≥„Éè„ÉÉ„Çø„É≥,„Ç´„ÇØ„ÉÜ„É´,cuervo,cocktail,üç∫,tequila,Èá£„Çä„Éì„Ç∏„Éß„É≥,„ÇØ„Ç®„É´„Éú,1800,,,,,,,,,,
97,rocketleatherworks,madeintexas,foldedduffel,donjulioplata,sepicileather,worldtravel,travel,buffalotacos,handpunched,leatherwallet,leather,tomford,leatherduffel,tequilamanhattan,rolledduffel,oneofakindleather,leatherrolledduffel,handstitched,handcut,custom,ritzcarlton,dallastravellers,handmade,customdesigned,leathertote,bespokeleather,leatherfoldedduffel
98,mitts_madness,tequilamanhattan,smokinggun,osteriacapri,smokingcloche,mittsgastronomy,smoke,tequila,luxardocherries,vermouth,,,,,,,,,,,,,,,,,
99,zerospecbebop,,,,,,,,,,,,,,,,,,,,,,,,,,
100,mokro_,,,,,,,,,,,,,,,,,,,,,,,,,,
101,giffardasiapacific,,,,,,,,,,,,,,,,,,,,,,,,,,
102,queenbeemixology,,,,,,,,,,,,,,,,,,,,,,,,,,
103,puss_n_booch,tequilamanhattan,grapeandgrain,friyeah,happyhour,itsathing,,,,,,,,,,,,,,,,,,,,,
104,queenbeemixology,,,,,,,,,,,,,,,,,,,,,,,,,,
105,scrappysbitters,,,,,,,,,,,,,,,,,,,,,,,,,,
106,outlinedcloth,,,,,,,,,,,,,,,,,,,,,,,,,,
107,bonnieclydesgrapevin,tequilamanhattan,grapevinetx,tequilareposado,whattodotuesday,tequilablanco,tequilapaloma,tequilasunrise,tequila,tequilaanejo,mojitoblanco,chalinospecial,margaritas,tequilatuesday,,,,,,,,,,,,,
108,delicious_craic,drinkgod,nationaltequiladay,jsqlounge,,,,,,,,,,,,,,,,,,,,,,,
109,sapphirelaguna,sapphirelaguna,codigo1530,visitlaguna,tequilamanhattan,visitlagunabeach,tequila,tequiladinner,nationaltequiladay,happyhour,cocktails,lagunabeach,codigo1530tequila,manhattan,tequilalovers,craftcocktails,,,,,,,,,,,
110,nolaguys,cocktails,aretteanejo,labreablvd,odysandpenelope,labreadistrict,aretteanejotequila,tequilamanhattan,cocktailporn,,,,,,,,,,,,,,,,,,
111,barhappy_app,chilanospecial,drinks,margarita,tequila,tequilamanhattan,thepaloma,tequilasunrise,tequilacocktails,sundayfunday,cincodemayo,,,,,,,,,,,,,,,,
112,dougrago,gratitude,italian,husbandtime,sundaysupper,gravy,datenight,southphilly,tequilamanhattan,italianfood,weekendvibes,imaluckyguy,sauce,sogood,rocks,raoshollywood,hollywoodlife,,,,,,,,,,
113,kgiovannini_sews,camarenasilver,tequilamanhattan,,,,,,,,,,,,,,,,,,,,,,,,
114,teeqtequila,michigandrinks,puremichigan,westmichigan,tequilamanhattan,downrivermichigan,upnorthmichigan,tequilas,michigan,tequilaoldfashioned,tequiladrinks,detroit,upperpeninsulamichigan,fridaydrinking,waynecounty,downriverdrinks,fridaydrinks,tequilalover,downtowndetroit,,,,,,,,
115,zhang_yui,‰∏âÈÄ£‰ºë,tequilamanhattan,Â∏∏ÁÜüË∑Ø,‰∏äÊµ∑,,,,,,,,,,,,,,,,,,,,,,
116,markcsgreen,tequilamanhattan,broadway,nyc,steakhouse,,,,,,,,,,,,,,,,,,,,,,
117,tha1jay,ü•É,rumoldfashioned,tequilamanhattan,piscosour,drink,cocktails,comegetit,,,,,,,,,,,,,,,,,,,
118,eav_bartender92,tequilamanhattan,tequila,,,,,,,,,,,,,,,,,,,,,,,,
119,licguy,mexicanmule,passionfruitmargarita,reposadotequila,spiritseducation,tequilamanhattan,tequilapunch,libations,eljimador,tequilacocktails,ocholalatilla,cocktails,astorcenternyc,puebloviejo,anejotequila,tequila,blancotequila,,,,,,,,,,
120,case_see,tequilamanhattan,manhattan,modernclassics,somervillenj,saltedlime,classiccocktails,downtownsomerville,tequila,,,,,,,,,,,,,,,,,,
121,royerhometeam,aurorarealestate,denverrealestate,tequilamanhattan,suavecito,tequila,,,,,,,,,,,,,,,,,,,,,
122,teeqtequila,grandrapidsfoodie,muskegonmi,greatlakes,muskegonmichigan,manhattandrink,tequilamanhattan,michigantacos,drinkstagram,tequilacocktails,westmichigan,puremichigan,watchmuskegon,westmichiganfoodie,teeqtequila,grandrapidsdaily,tacosandtequila,michigan,muskegonriver,muskegon,grandrapidsmi,grandrapidsmichigan,cheersdetroit,michiganmexicanfood,streettacos,michiganmargarita,
123,fredericyarm,igcocktail,igsomerville,drinkporn,bosfeed,cocktailporn,imbibegram,bostonigers,drinkstagram,igdrink,cocktailgram,tequilamanhattan,mezcal,tequila,igboston,cocktails,,,,,,,,,,,
124,nolaguys,manhattan,hollywood,tequilamanhattan,cocktails,manhattanup,stfelixhwd,herraduraanejo,pretheater,,,,,,,,,,,,,,,,,,
125,searchandrescuedenim,,,,,,,,,,,,,,,,,,,,,,,,,,
126,cocktailsbyhawk,,,,,,,,,,,,,,,,,,,,,,,,,,
127,searchandrescuedenim,tequilamanhattan,bartender,craftcocktails,bartenderlife,cocktails,recognition,mixology,apronfamily,cocktailsbyhawk,,,,,,,,,,,,,,,,,
128,cocktailsbyhawk,cocktailsbyhawk,tequilamanhattan,recognition,,,,,,,,,,,,,,,,,,,,,,,
129,hazetheater,cheers,hazepopart,sf,drinks,nightlife,cocktails,repost,hazetheater,tequila,sanfrancisco,reignsupreme,tequilamanhattan,drinkresponsibly,thanks,sfbayarea,tequilaelrey,bar,sponsorship,toyourhealth,hazeinsf,thankyou,topshelf,,,,
130,gabriel.rov,bar,distritofederal,fridabordeaux,tequilamanhattan,tequila,picofthenight,twistorange,baracocktail,mixologist,bitter,mixology,manhattancocktail,cocktail,cocktails,distritofederalcocktail,vermouth,instadrink,manhattandrink,instadrinks,tapas,barfrida,,,,,
131,manhattanbariasi,party,tequila,tequilashots,iasi,tequilamanhattan,iasicity,distractie,tonightsforecast,romania,manhattanbariasi,chance,,,,,,,,,,,,,,,
132,peanuts.ufo,„Éû„É≥„Éè„ÉÉ„Çø„É≥,„Ç´„ÇØ„ÉÜ„É´,tequilamanhattan,Èá£„Çä,üç∏,manhattan,üç∫,„ÉÜ„Ç≠„Éº„É©„Éû„É≥„Éè„ÉÉ„Çø„É≥,„ÇØ„Ç®„É´„Éú,cocktail,ÂÆÖ„ÉÜ„É´,1800,„ÉÜ„Ç≠„Éº„É©,Èá£„Çä„Éì„Ç∏„Éß„É≥,cuervo,tequila,,,,,,,,,,
133,rocketleatherworks,madeintexas,handpunched,leather,tomford,leatherrolledduffel,rolledduffel,tequilamanhattan,handstitched,handmade,handcut,leatherduffel,custom,ritzcarlton,leathertote,sepicileather,leatherfoldedduffel,customdesigned,foldedduffel,dallastravellers,donjulioplata,oneofakindleather,leatherwallet,worldtravel,buffalotacos,travel,bespokeleather
134,mitts_madness,mittsgastronomy,smokinggun,tequilamanhattan,smoke,osteriacapri,tequila,vermouth,smokingcloche,luxardocherries,,,,,,,,,,,,,,,,,
135,laurajane57,ourwaitresswasdefinitelyhigh,notmycircusnotmymonkeys,foodhall,worthit,curio,icarriedawatermelon,tikibar,whenarewegoingcamping,giordanobrothers,tequilamanhattan,,,,,,,,,,,,,,,,
136,ninitta,tequilamanhattan,gingerpride,,,,,,,,,,,,,,,,,,,,,,,,
137,marlenevmartinez,,,,,,,,,,,,,,,,,,,,,,,,,,
138,heathernottheshrub,nevertoomanyfriends,cloudsfordays,justkidding,santafe,sancerre,happyhour,tequilamanhattan,newmexico,stopfollowingus,friendsfromallover,,,,,,,,,,,,,,,,
139,marlenevmartinez,,,,,,,,,,,,,,,,,,,,,,,,,,
140,nolaguys,donpilartequila,tequilamanhattan,,,,,,,,,,,,,,,,,,,,,,,,
141,nolaguys,donpilar,tequilamanhattan,cocktailsathome,donpilartequila,,,,,,,,,,,,,,,,,,,,,,
142,davey.wavey.marshall,cocktails,tequilamanhattan,mescalsour,querico,,,,,,,,,,,,,,,,,,,,,,
143,nolaguys,doubleanejo,smoky,manhattanup,tapatioexcelencia,beverlyblvd,pettycashtaqueria,tequilamanhattan,,,,,,,,,,,,,,,,,,,
144,nolaguys,donpilartequila,sundaycocktails,beverlyblvd,pettycashtaqueria,donpilarextraa√±ejo,tequilamanhattan,manhattanup,,,,,,,,,,,,,,,,,,,
145,pranci84,tattoo,agaveblu,sketch,inspired,tequilamanhattan,,,,,,,,,,,,,,,,,,,,,
146,becausenicoleh,friday,stl,tequilamanhattan,porching,,,,,,,,,,,,,,,,,,,,,,
147,zerospecbebop,,,,,,,,,,,,,,,,,,,,,,,,,,
148,mokro_,,,,,,,,,,,,,,,,,,,,,,,,,,
149,giffardasiapacific,,,,,,,,,,,,,,,,,,,,,,,,,,
150,queenbeemixology,,,,,,,,,,,,,,,,,,,,,,,,,,
151,puss_n_booch,itsathing,friyeah,grapeandgrain,tequilamanhattan,happyhour,,,,,,,,,,,,,,,,,,,,,
152,queenbeemixology,,,,,,,,,,,,,,,,,,,,,,,,,,
153,scrappysbitters,,,,,,,,,,,,,,,,,,,,,,,,,,
154,outlinedcloth,,,,,,,,,,,,,,,,,,,,,,,,,,
155,bonnieclydesgrapevin,chalinospecial,tequilatuesday,tequilamanhattan,grapevinetx,tequilasunrise,tequilaanejo,whattodotuesday,tequilablanco,tequila,mojitoblanco,tequilapaloma,tequilareposado,margaritas,,,,,,,,,,,,,
156,case_see,downtownsomerville,classiccocktails,manhattan,modernclassics,tequila,somervillenj,tequilamanhattan,saltedlime,,,,,,,,,,,,,,,,,,
157,royerhometeam,suavecito,aurorarealestate,tequilamanhattan,tequila,denverrealestate,,,,,,,,,,,,,,,,,,,,,
158,teeqtequila,greatlakes,streettacos,drinkstagram,watchmuskegon,michigan,michiganmexicanfood,muskegonmi,grandrapidsfoodie,manhattandrink,grandrapidsmichigan,michiganmargarita,westmichiganfoodie,tequilacocktails,muskegonmichigan,cheersdetroit,muskegonriver,westmichigan,grandrapidsmi,muskegon,teeqtequila,puremichigan,tacosandtequila,grandrapidsdaily,tequilamanhattan,michigantacos,
159,fredericyarm,tequilamanhattan,tequila,drinkstagram,igdrink,cocktailporn,mezcal,drinkporn,bostonigers,cocktailgram,igboston,bosfeed,igsomerville,igcocktail,imbibegram,cocktails,,,,,,,,,,,
160,nolaguys,hollywood,cocktails,manhattan,stfelixhwd,herraduraanejo,tequilamanhattan,manhattanup,pretheater,,,,,,,,,,,,,,,,,,
161,searchandrescuedenim,,,,,,,,,,,,,,,,,,,,,,,,,,
162,cocktailsbyhawk,,,,,,,,,,,,,,,,,,,,,,,,,,
163,searchandrescuedenim,tequilamanhattan,bartenderlife,craftcocktails,recognition,cocktails,apronfamily,bartender,mixology,cocktailsbyhawk,,,,,,,,,,,,,,,,,
164,cocktailsbyhawk,recognition,cocktailsbyhawk,tequilamanhattan,,,,,,,,,,,,,,,,,,,,,,,
165,hazetheater,drinks,topshelf,tequila,cocktails,sfbayarea,thankyou,sponsorship,bar,thanks,repost,hazeinsf,nightlife,toyourhealth,tequilaelrey,cheers,sf,hazepopart,tequilamanhattan,reignsupreme,drinkresponsibly,sanfrancisco,hazetheater,,,,
166,gabriel.rov,manhattandrink,distritofederalcocktail,instadrinks,mixology,vermouth,cocktail,instadrink,cocktails,distritofederal,tequila,bar,fridabordeaux,bitter,manhattancocktail,picofthenight,tequilamanhattan,mixologist,twistorange,tapas,baracocktail,barfrida,,,,,
167,manhattanbariasi,romania,distractie,iasi,chance,tequilashots,iasicity,tequila,party,tequilamanhattan,tonightsforecast,manhattanbariasi,,,,,,,,,,,,,,,
168,peanuts.ufo,„Ç´„ÇØ„ÉÜ„É´,Èá£„Çä,üç∫,ÂÆÖ„ÉÜ„É´,Èá£„Çä„Éì„Ç∏„Éß„É≥,cocktail,üç∏,„ÉÜ„Ç≠„Éº„É©„Éû„É≥„Éè„ÉÉ„Çø„É≥,„Éû„É≥„Éè„ÉÉ„Çø„É≥,„ÇØ„Ç®„É´„Éú,„ÉÜ„Ç≠„Éº„É©,1800,tequilamanhattan,manhattan,tequila,cuervo,,,,,,,,,,
169,rocketleatherworks,travel,leatherwallet,leatherduffel,tequilamanhattan,handmade,ritzcarlton,donjulioplata,sepicileather,customdesigned,handcut,dallastravellers,worldtravel,leatherfoldedduffel,handstitched,bespokeleather,buffalotacos,madeintexas,oneofakindleather,tomford,leather,rolledduffel,leathertote,custom,foldedduffel,leatherrolledduffel,handpunched
170,mitts_madness,smoke,smokinggun,luxardocherries,osteriacapri,tequila,vermouth,mittsgastronomy,tequilamanhattan,smokingcloche,,,,,,,,,,,,,,,,,
171,laurajane57,curio,giordanobrothers,foodhall,worthit,whenarewegoingcamping,ourwaitresswasdefinitelyhigh,notmycircusnotmymonkeys,tequilamanhattan,tikibar,icarriedawatermelon,,,,,,,,,,,,,,,,
172,ninitta,gingerpride,tequilamanhattan,,,,,,,,,,,,,,,,,,,,,,,,
173,marlenevmartinez,,,,,,,,,,,,,,,,,,,,,,,,,,
174,heathernottheshrub,cloudsfordays,newmexico,friendsfromallover,happyhour,stopfollowingus,santafe,tequilamanhattan,sancerre,nevertoomanyfriends,justkidding,,,,,,,,,,,,,,,,
175,marlenevmartinez,,,,,,,,,,,,,,,,,,,,,,,,,,
176,nolaguys,donpilartequila,tequilamanhattan,,,,,,,,,,,,,,,,,,,,,,,,
177,nolaguys,tequilamanhattan,donpilartequila,cocktailsathome,donpilar,,,,,,,,,,,,,,,,,,,,,,
178,davey.wavey.marshall,mescalsour,cocktails,tequilamanhattan,querico,,,,,,,,,,,,,,,,,,,,,,
179,nolaguys,doubleanejo,tequilamanhattan,smoky,manhattanup,pettycashtaqueria,beverlyblvd,tapatioexcelencia,,,,,,,,,,,,,,,,,,,
180,nolaguys,tequilamanhattan,pettycashtaqueria,donpilarextraa√±ejo,manhattanup,donpilartequila,sundaycocktails,beverlyblvd,,,,,,,,,,,,,,,,,,,
181,pranci84,agaveblu,tequilamanhattan,sketch,inspired,tattoo,,,,,,,,,,,,,,,,,,,,,
182,becausenicoleh,tequilamanhattan,stl,porching,friday,,,,,,,,,,,,,,,,,,,,,,
183,becausenicoleh,pollen,porching,tequilamanhattan,stl,,,,,,,,,,,,,,,,,,,,,,
184,megoxfordphoto,tequila,bemelmansbar,tequilamanhattan,newyork,newyorkcity,thecarlyle,bemelmans,carlylehotel,jazzbar,manhattan,newyorknewyork,,,,,,,,,,,,,,,
185,decaturpackagestore,manhattanmonday,tequilamanhattan,regansbitters,classiccocktails,cocktailporn,alvearsherry,,,,,,,,,,,,,,,,,,,,
186,seranthian_kg,tequilamanhattan,amendmentxxi,staythirstymyfriends,faves,drinklocal,,,,,,,,,,,,,,,,,,,,,
187,seranthian_kg,saturdaynight,tequilamanhattan,drinklocal,eatlocal,lovemyjob,proofgastropub,,,,,,,,,,,,,,,,,,,,
188,fyicheerstolife,tequilamanhattan,tequila,saludalavida,cocktails,cheerstolife,,,,,,,,,,,,,,,,,,,,,
189,skyla007,livemusic,saturdaynight,tequilamanhattan,cocktails,girlsnoghtout,,,,,,,,,,,,,,,,,,,,,
190,jangling.jacks,cocktails,drinks,delicious,stirred,spinonaclassic,janglingjacks,booze,rocknroll,jjs,tequila,allthetequilla,tequilamanhattan,cocktailsfromtheedge,,,,,,,,,,,,,
191,charshaff,datenight,sangr√≠a,tequilamanhattan,,,,,,,,,,,,,,,,,,,,,,,
192,theotherbarusa,classiccocktails,distriofederal,tequilamanhattan,patrongranburdeos,classiccocktail,angastorabitters,tequila,theotherbarusa,jalisco,dolinvermouth,notallspiritsarecreatedequal,angostura,mexico,,,,,,,,,,,,,
193,psk017,nightlife,brunomars,livemusic,catalinamargarita,nepalisongs,edsheeran,thenthuk,pizza,cocktailsüçπ,decor,tequilamanhattan,üçÖ,bobmarley,loud,live,soup,cafe,corn,thukpaüçú,,,,,,,
194,dragolm,tequila,favoritedrink,tequilamanhattan,holidayparty,whiskey,woodenleg,,,,,,,,,,,,,,,,,,,,
195,zerospecbebop,,,,,,,,,,,,,,,,,,,,,,,,,,
196,mokro_,,,,,,,,,,,,,,,,,,,,,,,,,,
197,giffardasiapacific,,,,,,,,,,,,,,,,,,,,,,,,,,
198,queenbeemixology,,,,,,,,,,,,,,,,,,,,,,,,,,
199,puss_n_booch,tequilamanhattan,itsathing,friyeah,happyhour,grapeandgrain,,,,,,,,,,,,,,,,,,,,,
200,queenbeemixology,,,,,,,,,,,,,,,,,,,,,,,,,,
201,scrappysbitters,,,,,,,,,,,,,,,,,,,,,,,,,,
202,outlinedcloth,,,,,,,,,,,,,,,,,,,,,,,,,,
203,bonnieclydesgrapevin,mojitoblanco,chalinospecial,tequilasunrise,tequilamanhattan,tequilaanejo,tequilatuesday,tequilablanco,tequila,margaritas,tequilapaloma,whattodotuesday,grapevinetx,tequilareposado,,,,,,,,,,,,,
204,peanuts.ufo,Èá£„Çä„Éì„Ç∏„Éß„É≥,üç∏,„Éû„É≥„Éè„ÉÉ„Çø„É≥,„ÉÜ„Ç≠„Éº„É©,„ÉÜ„Ç≠„Éº„É©„Éû„É≥„Éè„ÉÉ„Çø„É≥,Èá£„Çä,cuervo,cocktail,„ÇØ„Ç®„É´„Éú,„Ç´„ÇØ„ÉÜ„É´,üç∫,1800,tequila,manhattan,ÂÆÖ„ÉÜ„É´,tequilamanhattan,,,,,,,,,,
205,rocketleatherworks,buffalotacos,leatherrolledduffel,handstitched,handcut,handmade,tomford,donjulioplata,leatherduffel,rolledduffel,handpunched,bespokeleather,leatherwallet,worldtravel,leathertote,leatherfoldedduffel,customdesigned,ritzcarlton,custom,sepicileather,foldedduffel,travel,oneofakindleather,dallastravellers,madeintexas,leather,tequilamanhattan
206,mitts_madness,luxardocherries,vermouth,smokingcloche,smoke,smokinggun,tequilamanhattan,mittsgastronomy,osteriacapri,tequila,,,,,,,,,,,,,,,,,
207,laurajane57,icarriedawatermelon,giordanobrothers,curio,tikibar,notmycircusnotmymonkeys,whenarewegoingcamping,tequilamanhattan,worthit,foodhall,ourwaitresswasdefinitelyhigh,,,,,,,,,,,,,,,,
208,ninitta,tequilamanhattan,gingerpride,,,,,,,,,,,,,,,,,,,,,,,,
209,marlenevmartinez,,,,,,,,,,,,,,,,,,,,,,,,,,
210,heathernottheshrub,friendsfromallover,nevertoomanyfriends,stopfollowingus,cloudsfordays,justkidding,newmexico,tequilamanhattan,happyhour,santafe,sancerre,,,,,,,,,,,,,,,,
211,marlenevmartinez,,,,,,,,,,,,,,,,,,,,,,,,,,
212,nolaguys,tequilamanhattan,donpilartequila,,,,,,,,,,,,,,,,,,,,,,,,
213,nolaguys,donpilar,cocktailsathome,tequilamanhattan,donpilartequila,,,,,,,,,,,,,,,,,,,,,,
214,davey.wavey.marshall,mescalsour,tequilamanhattan,cocktails,querico,,,,,,,,,,,,,,,,,,,,,,
215,nolaguys,tequilamanhattan,smoky,beverlyblvd,doubleanejo,tapatioexcelencia,pettycashtaqueria,manhattanup,,,,,,,,,,,,,,,,,,,
216,nolaguys,tequilamanhattan,manhattanup,sundaycocktails,beverlyblvd,pettycashtaqueria,donpilartequila,donpilarextraa√±ejo,,,,,,,,,,,,,,,,,,,
217,pranci84,tequilamanhattan,sketch,tattoo,agaveblu,inspired,,,,,,,,,,,,,,,,,,,,,
218,becausenicoleh,stl,porching,tequilamanhattan,friday,,,,,,,,,,,,,,,,,,,,,,
219,becausenicoleh,tequilamanhattan,stl,pollen,porching,,,,,,,,,,,,,,,,,,,,,,
220,megoxfordphoto,thecarlyle,tequila,carlylehotel,bemelmans,tequilamanhattan,newyork,bemelmansbar,manhattan,newyorkcity,jazzbar,newyorknewyork,,,,,,,,,,,,,,,
221,decaturpackagestore,classiccocktails,cocktailporn,regansbitters,tequilamanhattan,manhattanmonday,alvearsherry,,,,,,,,,,,,,,,,,,,,
222,seranthian_kg,tequilamanhattan,faves,amendmentxxi,drinklocal,staythirstymyfriends,,,,,,,,,,,,,,,,,,,,,
223,seranthian_kg,eatlocal,saturdaynight,lovemyjob,drinklocal,tequilamanhattan,proofgastropub,,,,,,,,,,,,,,,,,,,,
224,fyicheerstolife,saludalavida,cheerstolife,tequilamanhattan,tequila,cocktails,,,,,,,,,,,,,,,,,,,,,
225,skyla007,girlsnoghtout,livemusic,saturdaynight,tequilamanhattan,cocktails,,,,,,,,,,,,,,,,,,,,,
226,jangling.jacks,jjs,cocktailsfromtheedge,spinonaclassic,allthetequilla,booze,drinks,stirred,janglingjacks,rocknroll,tequila,delicious,cocktails,tequilamanhattan,,,,,,,,,,,,,
227,charshaff,sangr√≠a,tequilamanhattan,datenight,,,,,,,,,,,,,,,,,,,,,,,
228,theotherbarusa,jalisco,tequila,mexico,tequilamanhattan,angastorabitters,theotherbarusa,classiccocktail,notallspiritsarecreatedequal,classiccocktails,distriofederal,patrongranburdeos,dolinvermouth,angostura,,,,,,,,,,,,,
229,psk017,livemusic,nightlife,üçÖ,edsheeran,nepalisongs,cafe,brunomars,tequilamanhattan,bobmarley,loud,decor,cocktailsüçπ,catalinamargarita,live,corn,pizza,thenthuk,thukpaüçú,soup,,,,,,,
230,dragolm,tequilamanhattan,tequila,whiskey,woodenleg,holidayparty,favoritedrink,,,,,,,,,,,,,,,,,,,,
231,kiko_baker,tequilamanhattan,,,,,,,,,,,,,,,,,,,,,,,,,
232,emilyzuzik,singersongwriter,emilyzuzik,cliftonscafeteria,tequilamanhattan,commercialactor,,,,,,,,,,,,,,,,,,,,,
233,hornitoscanada,hornitosblackbarrel,tequila,hornitoscanada,agavetequila,sippingtequila,fall,blackbarrel,movienight,100agave,cocktails,thanksgiving,blackbarreltequila,whiskyseason,hornitospov,cocktail,hornitos,tequilamanhattan,fallcocktails,sweaterweather,agedtequila,manhattan,,,,,
234,lake.girl,orangebitters,spanishvermut,humpdaycocktail,tequilamanhattan,,,,,,,,,,,,,,,,,,,,,,
235,danny_huggins91,luxhotel,tequilamanhattan,goodtimes,tequila,bartenderlife,luxmunich,manhattan,,,,,,,,,,,,,,,,,,,
236,zephyrbarsyd,classiccocktails,cocktailswithaview,sundaydrinks,tequilamanhattan,,,,,,,,,,,,,,,,,,,,,,
237,zerospecbebop,,,,,,,,,,,,,,,,,,,,,,,,,,
238,mokro_,,,,,,,,,,,,,,,,,,,,,,,,,,
239,giffardasiapacific,,,,,,,,,,,,,,,,,,,,,,,,,,
240,queenbeemixology,,,,,,,,,,,,,,,,,,,,,,,,,,
241,puss_n_booch,tequilamanhattan,happyhour,itsathing,grapeandgrain,friyeah,,,,,,,,,,,,,,,,,,,,,
242,queenbeemixology,,,,,,,,,,,,,,,,,,,,,,,,,,
243,scrappysbitters,,,,,,,,,,,,,,,,,,,,,,,,,,
244,outlinedcloth,,,,,,,,,,,,,,,,,,,,,,,,,,
245,bonnieclydesgrapevin,tequilablanco,tequila,margaritas,tequilareposado,mojitoblanco,grapevinetx,chalinospecial,whattodotuesday,tequilatuesday,tequilapaloma,tequilaanejo,tequilasunrise,tequilamanhattan,,,,,,,,,,,,,
246,heathernottheshrub,justkidding,nevertoomanyfriends,stopfollowingus,cloudsfordays,newmexico,santafe,sancerre,happyhour,tequilamanhattan,friendsfromallover,,,,,,,,,,,,,,,,
247,marlenevmartinez,,,,,,,,,,,,,,,,,,,,,,,,,,
248,nolaguys,donpilartequila,tequilamanhattan,,,,,,,,,,,,,,,,,,,,,,,,
249,nolaguys,cocktailsathome,donpilartequila,tequilamanhattan,donpilar,,,,,,,,,,,,,,,,,,,,,,
250,davey.wavey.marshall,tequilamanhattan,cocktails,querico,mescalsour,,,,,,,,,,,,,,,,,,,,,,
251,nolaguys,doubleanejo,smoky,beverlyblvd,pettycashtaqueria,tapatioexcelencia,manhattanup,tequilamanhattan,,,,,,,,,,,,,,,,,,,
252,nolaguys,tequilamanhattan,manhattanup,donpilartequila,beverlyblvd,pettycashtaqueria,sundaycocktails,donpilarextraa√±ejo,,,,,,,,,,,,,,,,,,,
253,pranci84,tattoo,inspired,tequilamanhattan,sketch,agaveblu,,,,,,,,,,,,,,,,,,,,,
254,becausenicoleh,stl,friday,porching,tequilamanhattan,,,,,,,,,,,,,,,,,,,,,,
255,becausenicoleh,pollen,porching,stl,tequilamanhattan,,,,,,,,,,,,,,,,,,,,,,
256,megoxfordphoto,tequilamanhattan,newyorkcity,thecarlyle,bemelmansbar,tequila,bemelmans,newyork,jazzbar,newyorknewyork,manhattan,carlylehotel,,,,,,,,,,,,,,,
257,decaturpackagestore,classiccocktails,regansbitters,manhattanmonday,alvearsherry,cocktailporn,tequilamanhattan,,,,,,,,,,,,,,,,,,,,
258,seranthian_kg,tequilamanhattan,staythirstymyfriends,amendmentxxi,drinklocal,faves,,,,,,,,,,,,,,,,,,,,,
259,seranthian_kg,lovemyjob,proofgastropub,eatlocal,saturdaynight,drinklocal,tequilamanhattan,,,,,,,,,,,,,,,,,,,,
260,fyicheerstolife,tequilamanhattan,cheerstolife,saludalavida,cocktails,tequila,,,,,,,,,,,,,,,,,,,,,
261,skyla007,saturdaynight,tequilamanhattan,livemusic,girlsnoghtout,cocktails,,,,,,,,,,,,,,,,,,,,,
262,jangling.jacks,cocktails,jjs,allthetequilla,rocknroll,booze,spinonaclassic,tequila,cocktailsfromtheedge,stirred,drinks,tequilamanhattan,janglingjacks,delicious,,,,,,,,,,,,,
263,charshaff,tequilamanhattan,datenight,sangr√≠a,,,,,,,,,,,,,,,,,,,,,,,
264,theotherbarusa,angostura,jalisco,classiccocktail,tequilamanhattan,distriofederal,tequila,theotherbarusa,notallspiritsarecreatedequal,angastorabitters,dolinvermouth,classiccocktails,patrongranburdeos,mexico,,,,,,,,,,,,,
265,psk017,cafe,corn,edsheeran,bobmarley,thukpaüçú,üçÖ,loud,live,nepalisongs,livemusic,nightlife,pizza,thenthuk,tequilamanhattan,soup,catalinamargarita,cocktailsüçπ,brunomars,decor,,,,,,,
266,dragolm,favoritedrink,tequila,tequilamanhattan,whiskey,holidayparty,woodenleg,,,,,,,,,,,,,,,,,,,,
267,kiko_baker,tequilamanhattan,,,,,,,,,,,,,,,,,,,,,,,,,
268,emilyzuzik,tequilamanhattan,emilyzuzik,cliftonscafeteria,commercialactor,singersongwriter,,,,,,,,,,,,,,,,,,,,,
269,hornitoscanada,hornitos,agavetequila,thanksgiving,movienight,blackbarrel,100agave,whiskyseason,blackbarreltequila,hornitoscanada,tequilamanhattan,tequila,cocktail,fallcocktails,sippingtequila,hornitosblackbarrel,fall,cocktails,sweaterweather,agedtequila,hornitospov,manhattan,,,,,
270,lake.girl,spanishvermut,orangebitters,humpdaycocktail,tequilamanhattan,,,,,,,,,,,,,,,,,,,,,,
271,danny_huggins91,goodtimes,manhattan,luxhotel,bartenderlife,tequila,tequilamanhattan,luxmunich,,,,,,,,,,,,,,,,,,,
272,zephyrbarsyd,tequilamanhattan,classiccocktails,cocktailswithaview,sundaydrinks,,,,,,,,,,,,,,,,,,,,,,
273,lake.girl,makeitdirty,wimg,badabing,tequilamanhattan,youknowyoulikeitdirty,makingmondaybetter,cheers,mixinitup,vermutlacuestarojo,olmecaaltostequila,thinkoutsidethebox,,,,,,,,,,,,,,,
274,kjboubou on Instagra,tequilaoldfashioned,liberte,mapleoldfashioned,tequilamanhattan,,,,,,,,,,,,,,,,,,,,,,
275,sinsation1,tequilamanhattan,chicagomarathon2017training,carblover,runrunrun,bestglass,bloodyfeet,nevergonnasurviveunlesswegetalittlecrazy,dontstoprunning,newbalance1400v4,chicagomarathon2017,willrunformoney,,,,,,,,,,,,,,,
276,craigweir,tequilamanhattan,,,,,,,,,,,,,,,,,,,,,,,,,
277,ldubzdaburna,herradura,tequilamanhattan,tequila,,,,,,,,,,,,,,,,,,,,,,,
278,joebee1kanobi,tequila,bar,tequilamanhattan,bse,sonoma,wine,photography,summer,treat,tequilaoldfashioned,napavalley,cocktails,california,roadtrip,tequilaeverway,ginger,daydrinking,gingerjoe,cocktailculture,bestsummerever,sanfrancisco,drinking,style,,,
279,yourbarmaui,boulvardier,tequilamanhattan,,,,,,,,,,,,,,,,,,,,,,,,
280,idrinkvino,manhattan,sieteleguasanejo,tequilamanhattan,citymarketsouth,montenegroamaro,craftcocktails,rossoblu,amaro,italy,mixology,,,,,,,,,,,,,,,,
281,quiyoco,cocktail,tequila,„Ç¢„Éö„É™„ÉÜ„Ç£„Éï,„ÉÜ„Ç≠„Éº„É©,„Ç´„ÇØ„ÉÜ„É´,manhattan,„ÉÜ„Ç≠„Éº„É©„Éû„É≥„Éè„ÉÉ„Çø„É≥,„Éû„É≥„Éè„ÉÉ„Çø„É≥,aperitif,tequilamanhattan,,,,,,,,,,,,,,,,
282,indiaynoche on Insta,tequilamanhattan,,,,,,,,,,,,,,,,,,,,,,,,,
283,christophercramer1,tequilamanhattan,bemelmansbar,nyc,,,,,,,,,,,,,,,,,,,,,,,
284,docksoysterhouseac,newtoy,drinklocal,eatac,patrontequila,docksac,summermenu,hickorychips,smokincocktails,patron,tequilamanhattan,5mincocktail,cheers,,,,,,,,,,,,,,
285,banditosbk,corralejotequila,barrelaging,federalhill,craftcocktails,banditosbk,tequilamanhattan,,,,,,,,,,,,,,,,,,,,
286,second_toe,tequila,amormio,cantina,oy,tequilamanhattan,,,,,,,,,,,,,,,,,,,,,
287,fredoestrada,mundocuervo,tequilaoclock,tequilamanhattan,tequila,,,,,,,,,,,,,,,,,,,,,,
288,bitterslab,imbibe,libations,reposado,libation,tequila,librettiandlibations,cynar,honeyhopsbitters,utahoperasips,bitters,utahopera,tequilamanhattan,,,,,,,,,,,,,,
289,becausenicoleh,christmaseve,tequilamanhattan,,,,,,,,,,,,,,,,,,,,,,,,
290,an9rum,cocktail,tequilamanhattan,,,,,,,,,,,,,,,,,,,,,,,,
291,zerospecbebop,,,,,,,,,,,,,,,,,,,,,,,,,,
292,mokro_,,,,,,,,,,,,,,,,,,,,,,,,,,
293,giffardasiapacific,,,,,,,,,,,,,,,,,,,,,,,,,,
294,queenbeemixology,,,,,,,,,,,,,,,,,,,,,,,,,,
295,puss_n_booch,tequilamanhattan,happyhour,itsathing,friyeah,grapeandgrain,,,,,,,,,,,,,,,,,,,,,
296,queenbeemixology,,,,,,,,,,,,,,,,,,,,,,,,,,
297,scrappysbitters,,,,,,,,,,,,,,,,,,,,,,,,,,
298,outlinedcloth,,,,,,,,,,,,,,,,,,,,,,,,,,
299,bonnieclydesgrapevin,tequilapaloma,grapevinetx,tequilatuesday,tequilasunrise,margaritas,tequilamanhattan,chalinospecial,tequilaanejo,tequilareposado,tequila,mojitoblanco,tequilablanco,whattodotuesday,,,,,,,,,,,,,
300,theotherbarusa,mexico,classiccocktails,patrongranburdeos,classiccocktail,notallspiritsarecreatedequal,angostura,tequila,angastorabitters,tequilamanhattan,jalisco,theotherbarusa,distriofederal,dolinvermouth,,,,,,,,,,,,,
301,psk017,üçÖ,catalinamargarita,nepalisongs,loud,nightlife,corn,bobmarley,livemusic,thukpaüçú,brunomars,pizza,live,cocktailsüçπ,soup,tequilamanhattan,decor,edsheeran,cafe,thenthuk,,,,,,,
302,dragolm,holidayparty,whiskey,tequilamanhattan,tequila,woodenleg,favoritedrink,,,,,,,,,,,,,,,,,,,,
303,kiko_baker,tequilamanhattan,,,,,,,,,,,,,,,,,,,,,,,,,
304,emilyzuzik,tequilamanhattan,singersongwriter,commercialactor,cliftonscafeteria,emilyzuzik,,,,,,,,,,,,,,,,,,,,,
305,hornitoscanada,blackbarreltequila,hornitos,movienight,hornitosblackbarrel,tequilamanhattan,hornitospov,sippingtequila,sweaterweather,agavetequila,whiskyseason,hornitoscanada,cocktail,fall,thanksgiving,blackbarrel,tequila,manhattan,agedtequila,cocktails,100agave,fallcocktails,,,,,
306,lake.girl,humpdaycocktail,tequilamanhattan,orangebitters,spanishvermut,,,,,,,,,,,,,,,,,,,,,,
307,danny_huggins91,luxhotel,goodtimes,tequila,bartenderlife,luxmunich,manhattan,tequilamanhattan,,,,,,,,,,,,,,,,,,,
308,zephyrbarsyd,classiccocktails,sundaydrinks,tequilamanhattan,cocktailswithaview,,,,,,,,,,,,,,,,,,,,,,
309,lake.girl,vermutlacuestarojo,youknowyoulikeitdirty,makeitdirty,wimg,mixinitup,makingmondaybetter,tequilamanhattan,cheers,olmecaaltostequila,badabing,thinkoutsidethebox,,,,,,,,,,,,,,,
310,kjboubou on Instagra,mapleoldfashioned,liberte,tequilaoldfashioned,tequilamanhattan,,,,,,,,,,,,,,,,,,,,,,
311,sinsation1,chicagomarathon2017,carblover,tequilamanhattan,bloodyfeet,nevergonnasurviveunlesswegetalittlecrazy,runrunrun,newbalance1400v4,bestglass,chicagomarathon2017training,dontstoprunning,willrunformoney,,,,,,,,,,,,,,,
312,craigweir,tequilamanhattan,,,,,,,,,,,,,,,,,,,,,,,,,
313,ldubzdaburna,tequilamanhattan,herradura,tequila,,,,,,,,,,,,,,,,,,,,,,,
314,joebee1kanobi,tequila,wine,bse,treat,drinking,summer,tequilaoldfashioned,napavalley,bestsummerever,daydrinking,california,ginger,cocktails,bar,style,tequilamanhattan,photography,cocktailculture,sonoma,tequilaeverway,gingerjoe,roadtrip,sanfrancisco,,,
315,yourbarmaui,boulvardier,tequilamanhattan,,,,,,,,,,,,,,,,,,,,,,,,
316,idrinkvino,mixology,craftcocktails,amaro,tequilamanhattan,rossoblu,manhattan,italy,sieteleguasanejo,montenegroamaro,citymarketsouth,,,,,,,,,,,,,,,,
317,quiyoco,aperitif,„Ç´„ÇØ„ÉÜ„É´,tequila,cocktail,manhattan,tequilamanhattan,„ÉÜ„Ç≠„Éº„É©,„ÉÜ„Ç≠„Éº„É©„Éû„É≥„Éè„ÉÉ„Çø„É≥,„Éû„É≥„Éè„ÉÉ„Çø„É≥,„Ç¢„Éö„É™„ÉÜ„Ç£„Éï,,,,,,,,,,,,,,,,
318,indiaynoche on Insta,tequilamanhattan,,,,,,,,,,,,,,,,,,,,,,,,,
319,christophercramer1,tequilamanhattan,nyc,bemelmansbar,,,,,,,,,,,,,,,,,,,,,,,
320,docksoysterhouseac,hickorychips,cheers,5mincocktail,smokincocktails,newtoy,eatac,summermenu,tequilamanhattan,drinklocal,patrontequila,patron,docksac,,,,,,,,,,,,,,
321,banditosbk,banditosbk,barrelaging,corralejotequila,tequilamanhattan,federalhill,craftcocktails,,,,,,,,,,,,,,,,,,,,
322,second_toe,cantina,amormio,tequila,tequilamanhattan,oy,,,,,,,,,,,,,,,,,,,,,
323,fredoestrada,mundocuervo,tequila,tequilamanhattan,tequilaoclock,,,,,,,,,,,,,,,,,,,,,,
324,bitterslab,libations,reposado,tequila,bitters,librettiandlibations,cynar,utahopera,libation,honeyhopsbitters,tequilamanhattan,imbibe,utahoperasips,,,,,,,,,,,,,,
325,becausenicoleh,tequilamanhattan,christmaseve,,,,,,,,,,,,,,,,,,,,,,,,
326,an9rum,cocktail,tequilamanhattan,,,,,,,,,,,,,,,,,,,,,,,,
327,qweddingsphotography,dimlight,thegrandfinale,sorryforcrappyiphonepix,bestsquidinmylife,tequilamanhattan,amazingmeal,stjohns,manhattan,thanksjoel,adelaideoysterhouse,newfoundland,drinkinganddrunk,,,,,,,,,,,,,,
328,ahab564,lime,cocktails,drinks,manhattan,tequila,photography,tequilamanhattan,booze,mixology,salt,,,,,,,,,,,,,,,,
329,thefarmersspoon,cocktailporn,speakeasy,propercocktails,tequilamanhattan,bartenderflow,stayclassy,cocktailgram,mrandmrsb,manhattanvariation,speakeasystyle,cocktailhour,drinklocal,anejotequila,minnesotafamily,bittercube,drinkporn,hubbiepost,classycocktails,manhattancocktail,tobeingabetterdrinker,cocktails,manhattan,homebartender,,,
330,jessi_moore_10_5,purodeagave,reposado,100agave,manhattan,patron,tequila,tequilamanhattan,,,,,,,,,,,,,,,,,,,
331,friskykitty,cocktailtime,oaktown,penrose,tequilamanhattan,,,,,,,,,,,,,,,,,,,,,,
332,corgurl,tequilamanhattan,,,,,,,,,,,,,,,,,,,,,,,,,
333,zerospecbebop,,,,,,,,,,,,,,,,,,,,,,,,,,
334,mokro_,,,,,,,,,,,,,,,,,,,,,,,,,,
335,giffardasiapacific,,,,,,,,,,,,,,,,,,,,,,,,,,
336,queenbeemixology,,,,,,,,,,,,,,,,,,,,,,,,,,
337,puss_n_booch,tequilamanhattan,grapeandgrain,itsathing,happyhour,friyeah,,,,,,,,,,,,,,,,,,,,,
338,queenbeemixology,,,,,,,,,,,,,,,,,,,,,,,,,,
339,scrappysbitters,,,,,,,,,,,,,,,,,,,,,,,,,,
340,outlinedcloth,,,,,,,,,,,,,,,,,,,,,,,,,,
341,bonnieclydesgrapevin,grapevinetx,margaritas,tequilablanco,whattodotuesday,chalinospecial,tequilaanejo,mojitoblanco,tequila,tequilapaloma,tequilasunrise,tequilamanhattan,tequilatuesday,tequilareposado,,,,,,,,,,,,,
342,lake.girl,orangebitters,humpdaycocktail,tequilamanhattan,spanishvermut,,,,,,,,,,,,,,,,,,,,,,
343,danny_huggins91,goodtimes,tequilamanhattan,luxmunich,bartenderlife,luxhotel,tequila,manhattan,,,,,,,,,,,,,,,,,,,
344,zephyrbarsyd,cocktailswithaview,sundaydrinks,tequilamanhattan,classiccocktails,,,,,,,,,,,,,,,,,,,,,,
345,lake.girl,mixinitup,badabing,makingmondaybetter,wimg,thinkoutsidethebox,tequilamanhattan,makeitdirty,olmecaaltostequila,youknowyoulikeitdirty,vermutlacuestarojo,cheers,,,,,,,,,,,,,,,
346,kjboubou on Instagra,tequilamanhattan,tequilaoldfashioned,mapleoldfashioned,liberte,,,,,,,,,,,,,,,,,,,,,,
347,sinsation1,tequilamanhattan,chicagomarathon2017,bestglass,runrunrun,dontstoprunning,nevergonnasurviveunlesswegetalittlecrazy,newbalance1400v4,carblover,willrunformoney,bloodyfeet,chicagomarathon2017training,,,,,,,,,,,,,,,
348,craigweir,tequilamanhattan,,,,,,,,,,,,,,,,,,,,,,,,,
349,ldubzdaburna,herradura,tequila,tequilamanhattan,,,,,,,,,,,,,,,,,,,,,,,
350,joebee1kanobi,california,drinking,tequilaeverway,napavalley,sanfrancisco,photography,summer,bestsummerever,ginger,gingerjoe,treat,wine,daydrinking,tequilaoldfashioned,sonoma,style,roadtrip,tequilamanhattan,tequila,cocktailculture,bse,cocktails,bar,,,
351,yourbarmaui,boulvardier,tequilamanhattan,,,,,,,,,,,,,,,,,,,,,,,,
352,idrinkvino,rossoblu,craftcocktails,montenegroamaro,tequilamanhattan,amaro,mixology,sieteleguasanejo,italy,manhattan,citymarketsouth,,,,,,,,,,,,,,,,
353,quiyoco,tequilamanhattan,tequila,„Ç¢„Éö„É™„ÉÜ„Ç£„Éï,„ÉÜ„Ç≠„Éº„É©,„Ç´„ÇØ„ÉÜ„É´,„ÉÜ„Ç≠„Éº„É©„Éû„É≥„Éè„ÉÉ„Çø„É≥,aperitif,cocktail,„Éû„É≥„Éè„ÉÉ„Çø„É≥,manhattan,,,,,,,,,,,,,,,,
354,indiaynoche on Insta,tequilamanhattan,,,,,,,,,,,,,,,,,,,,,,,,,
355,christophercramer1,tequilamanhattan,nyc,bemelmansbar,,,,,,,,,,,,,,,,,,,,,,,
356,docksoysterhouseac,drinklocal,tequilamanhattan,summermenu,eatac,docksac,patrontequila,hickorychips,cheers,newtoy,patron,smokincocktails,5mincocktail,,,,,,,,,,,,,,
357,banditosbk,craftcocktails,tequilamanhattan,barrelaging,federalhill,corralejotequila,banditosbk,,,,,,,,,,,,,,,,,,,,
358,second_toe,cantina,oy,tequilamanhattan,amormio,tequila,,,,,,,,,,,,,,,,,,,,,
359,fredoestrada,tequila,tequilamanhattan,mundocuervo,tequilaoclock,,,,,,,,,,,,,,,,,,,,,,
360,bitterslab,librettiandlibations,libation,tequila,honeyhopsbitters,imbibe,cynar,utahopera,utahoperasips,tequilamanhattan,reposado,libations,bitters,,,,,,,,,,,,,,
361,becausenicoleh,tequilamanhattan,christmaseve,,,,,,,,,,,,,,,,,,,,,,,,
362,an9rum,cocktail,tequilamanhattan,,,,,,,,,,,,,,,,,,,,,,,,
363,qweddingsphotography,drinkinganddrunk,amazingmeal,thegrandfinale,newfoundland,adelaideoysterhouse,tequilamanhattan,thanksjoel,stjohns,manhattan,dimlight,sorryforcrappyiphonepix,bestsquidinmylife,,,,,,,,,,,,,,
364,ahab564,tequilamanhattan,lime,drinks,salt,tequila,cocktails,manhattan,mixology,booze,photography,,,,,,,,,,,,,,,,
365,thefarmersspoon,cocktails,manhattancocktail,propercocktails,speakeasy,drinkporn,tobeingabetterdrinker,manhattanvariation,bittercube,cocktailgram,homebartender,manhattan,tequilamanhattan,cocktailporn,hubbiepost,mrandmrsb,speakeasystyle,classycocktails,drinklocal,stayclassy,cocktailhour,minnesotafamily,anejotequila,bartenderflow,,,
366,jessi_moore_10_5,tequila,manhattan,tequilamanhattan,100agave,reposado,patron,purodeagave,,,,,,,,,,,,,,,,,,,
367,friskykitty,oaktown,cocktailtime,tequilamanhattan,penrose,,,,,,,,,,,,,,,,,,,,,,
368,corgurl,tequilamanhattan,,,,,,,,,,,,,,,,,,,,,,,,,
369,michaellotenero,anejo,tres,cincodemayo,tequilamanhattan,,,,,,,,,,,,,,,,,,,,,,
370,rootandflower,tequilamanhattan,cincodedrinko,wehavemargstoo,,,,,,,,,,,,,,,,,,,,,,,
371,federico_limonta,barman,cocktails,mrboston,ichmagdas,ilikeit,dai,schw√§bischhall,tequilamanhattan,tequila,manhattan,tikis,martedisera,,,,,,,,,,,,,,
372,myfavvice,eljimadortequila,molemanhattan,eljimador,lacuidad,workview,tequilamanhattan,holymole,ilovemyjob,herradura,,,,,,,,,,,,,,,,,
373,xjc1396,tequilamanhattan,vermouth,pretendingtobeanadult,cocktails,tequila,mixeddrinks,josecuervo,alcohol,collegestudent,bartending,cocktail,martinivermouth,,,,,,,,,,,,,,
374,drcommish,manhattandrink,tequila,tequilamanhattan,bestbartenderever,movienight,martini,manhattan,entouragemovie,mixology,storeboughtice,2016noreaster,,,,,,,,,,,,,,,
375,tommybitters,bar,–¥–µ–≥—É—Å—Ç–∞—Ü–∏–æ–Ω–Ω—ã–µ–∑–∞–º–µ—Ç–∫–∏,drunkenwinnie,–æ—Ç–¥–æ—Ö–Ω–∏–Ω–µ—Å–∫—É—á–∞–π,tequilamanhattan,cocktails,tommybitters,–≤–∫—É—Å–Ω–∞—Ç–µ–Ω—å—Ç–∞–µ—â–µ,–≤–ø–æ–Ω–µ–¥–µ–ª—å–Ω–∏–∫,–Ω–æ–≤–æ—Å—Ç–∏,bitters,,,,,,,,,,,,,,,
376,mademoiselle_jessie,,,,,,,,,,,,,,,,,,,,,,,,,,
377,elmorotavern,durangocolorado,barrelaged,granmarnier,barrelagedcocktail,mezcal,patron,tequilamanhattan,visitdurango,craftcocktails,,,,,,,,,,,,,,,,,
378,nashvillefashiondude,deleontequila,bourbonsmokedsyrup,vidamezcal,tequilamanhattan,angosturabitters,sweetvermouth,spicedcherrybitters,cointreau,espolontequila,,,,,,,,,,,,,,,,,
379,papabuenotequila,tequilamanhattan,cocktails,anejo,gentleman,drinktequila,bethefunone,ladies,thursday,bebueno,cheers,theseattletequila,,,,,,,,,,,,,,,
380,pin.toro,„ÉÜ„Ç≠„Éº„É©„Éû„É≥„Éè„ÉÉ„Çø„É≥,ahatoro,,,,,,,,,,,,,,,,,,,,,,,,
381,espi2828,tequilamanhattan,secondhome,,,,,,,,,,,,,,,,,,,,,,,,
382,dondy on Instagram: ,tequilamanhattan,,,,,,,,,,,,,,,,,,,,,,,,,
383,lois_must_die,manhattan,tequila,cocktail,tequilamanhattan,anejo,,,,,,,,,,,,,,,,,,,,,
384,anejoyyc,eljefe,tequilamanhattan,,,,,,,,,,,,,,,,,,,,,,,,
385,pin.toro,olmeca,tequila,„ÉÜ„Ç≠„Éº„É©„Éû„É≥„Éè„ÉÉ„Çø„É≥,„Ç™„É´„É°„Ç´,tequilamanhattan,cocktail,manhattan,„Ç´„ÇØ„ÉÜ„É´,bar,„Éê„Éº,,,,,,,,,,,,,,,,
386,pin.toro,„ÉÜ„Ç≠„Éº„É©„Éû„É≥„Éè„ÉÉ„Çø„É≥,‰∏≠Áî∞„Éû„Éû,,,,,,,,,,,,,,,,,,,,,,,,
387,zerospecbebop,,,,,,,,,,,,,,,,,,,,,,,,,,
388,mokro_,,,,,,,,,,,,,,,,,,,,,,,,,,
389,giffardasiapacific,,,,,,,,,,,,,,,,,,,,,,,,,,
390,queenbeemixology,,,,,,,,,,,,,,,,,,,,,,,,,,
391,puss_n_booch,friyeah,grapeandgrain,happyhour,itsathing,tequilamanhattan,,,,,,,,,,,,,,,,,,,,,
392,queenbeemixology,,,,,,,,,,,,,,,,,,,,,,,,,,
393,scrappysbitters,,,,,,,,,,,,,,,,,,,,,,,,,,
394,outlinedcloth,,,,,,,,,,,,,,,,,,,,,,,,,,
395,bonnieclydesgrapevin,chalinospecial,tequilamanhattan,tequilablanco,tequilapaloma,tequilasunrise,mojitoblanco,tequilaanejo,tequila,tequilatuesday,grapevinetx,tequilareposado,margaritas,whattodotuesday,,,,,,,,,,,,,
396,bitterslab,cynar,tequila,libation,imbibe,utahopera,utahoperasips,tequilamanhattan,reposado,libations,librettiandlibations,bitters,honeyhopsbitters,,,,,,,,,,,,,,
397,becausenicoleh,christmaseve,tequilamanhattan,,,,,,,,,,,,,,,,,,,,,,,,
398,an9rum,cocktail,tequilamanhattan,,,,,,,,,,,,,,,,,,,,,,,,
399,qweddingsphotography,amazingmeal,stjohns,bestsquidinmylife,thanksjoel,dimlight,adelaideoysterhouse,tequilamanhattan,manhattan,sorryforcrappyiphonepix,drinkinganddrunk,thegrandfinale,newfoundland,,,,,,,,,,,,,,
400,ahab564,tequila,booze,salt,cocktails,tequilamanhattan,mixology,drinks,photography,lime,manhattan,,,,,,,,,,,,,,,,
401,thefarmersspoon,tequilamanhattan,cocktailgram,drinkporn,bartenderflow,stayclassy,manhattanvariation,anejotequila,manhattancocktail,mrandmrsb,drinklocal,homebartender,minnesotafamily,bittercube,cocktailhour,cocktailporn,cocktails,tobeingabetterdrinker,hubbiepost,propercocktails,classycocktails,speakeasystyle,speakeasy,manhattan,,,
402,jessi_moore_10_5,manhattan,tequilamanhattan,tequila,purodeagave,100agave,reposado,patron,,,,,,,,,,,,,,,,,,,
403,friskykitty,penrose,oaktown,tequilamanhattan,cocktailtime,,,,,,,,,,,,,,,,,,,,,,
404,corgurl,tequilamanhattan,,,,,,,,,,,,,,,,,,,,,,,,,
405,michaellotenero,tres,anejo,tequilamanhattan,cincodemayo,,,,,,,,,,,,,,,,,,,,,,
406,rootandflower,wehavemargstoo,cincodedrinko,tequilamanhattan,,,,,,,,,,,,,,,,,,,,,,,
407,federico_limonta,ilikeit,manhattan,tequila,mrboston,tequilamanhattan,martedisera,schw√§bischhall,tikis,dai,cocktails,barman,ichmagdas,,,,,,,,,,,,,,
408,myfavvice,herradura,workview,ilovemyjob,molemanhattan,eljimador,holymole,lacuidad,eljimadortequila,tequilamanhattan,,,,,,,,,,,,,,,,,
409,xjc1396,tequilamanhattan,collegestudent,alcohol,cocktails,mixeddrinks,pretendingtobeanadult,josecuervo,cocktail,vermouth,martinivermouth,bartending,tequila,,,,,,,,,,,,,,
410,drcommish,tequila,manhattan,mixology,entouragemovie,bestbartenderever,tequilamanhattan,storeboughtice,martini,2016noreaster,movienight,manhattandrink,,,,,,,,,,,,,,,
411,tommybitters,–æ—Ç–¥–æ—Ö–Ω–∏–Ω–µ—Å–∫—É—á–∞–π,–≤–ø–æ–Ω–µ–¥–µ–ª—å–Ω–∏–∫,cocktails,tommybitters,–¥–µ–≥—É—Å—Ç–∞—Ü–∏–æ–Ω–Ω—ã–µ–∑–∞–º–µ—Ç–∫–∏,bitters,tequilamanhattan,bar,–Ω–æ–≤–æ—Å—Ç–∏,–≤–∫—É—Å–Ω–∞—Ç–µ–Ω—å—Ç–∞–µ—â–µ,drunkenwinnie,,,,,,,,,,,,,,,
412,mademoiselle_jessie,,,,,,,,,,,,,,,,,,,,,,,,,,
413,elmorotavern,visitdurango,patron,barrelaged,barrelagedcocktail,durangocolorado,granmarnier,tequilamanhattan,mezcal,craftcocktails,,,,,,,,,,,,,,,,,
414,nashvillefashiondude,deleontequila,vidamezcal,sweetvermouth,angosturabitters,espolontequila,spicedcherrybitters,bourbonsmokedsyrup,cointreau,tequilamanhattan,,,,,,,,,,,,,,,,,
415,papabuenotequila,anejo,cheers,thursday,bebueno,cocktails,theseattletequila,drinktequila,bethefunone,tequilamanhattan,gentleman,ladies,,,,,,,,,,,,,,,
416,pin.toro,ahatoro,„ÉÜ„Ç≠„Éº„É©„Éû„É≥„Éè„ÉÉ„Çø„É≥,,,,,,,,,,,,,,,,,,,,,,,,
417,espi2828,tequilamanhattan,secondhome,,,,,,,,,,,,,,,,,,,,,,,,
418,dondy on Instagram: ,tequilamanhattan,,,,,,,,,,,,,,,,,,,,,,,,,
419,lois_must_die,tequila,manhattan,tequilamanhattan,anejo,cocktail,,,,,,,,,,,,,,,,,,,,,
420,anejoyyc,eljefe,tequilamanhattan,,,,,,,,,,,,,,,,,,,,,,,,
421,pin.toro,cocktail,bar,„Ç™„É´„É°„Ç´,„Éê„Éº,manhattan,„Ç´„ÇØ„ÉÜ„É´,tequilamanhattan,„ÉÜ„Ç≠„Éº„É©„Éû„É≥„Éè„ÉÉ„Çø„É≥,olmeca,tequila,,,,,,,,,,,,,,,,
422,pin.toro,‰∏≠Áî∞„Éû„Éû,„ÉÜ„Ç≠„Éº„É©„Éû„É≥„Éè„ÉÉ„Çø„É≥,,,,,,,,,,,,,,,,,,,,,,,,
423,blake_flann,eatexploreexperience,tequilamanhattan,cocktails,yyceats,craftcocktails,japaneseicemold,manhattan,icesphere,taisin,yyc,,,,,,,,,,,,,,,,
424,frallu90,tequilamanhattan,ceresio7,bartender,bar,agavemakesyousmarter,,,,,,,,,,,,,,,,,,,,,
425,r3ddhawtr3b3l,amazing,lips,ilovethisdrink,lime,lush,cherry,tequilamanhattan,distritofederal,thanku,turnup,tipsy,,,,,,,,,,,,,,,
426,illusionist2177,calgary,tequilamanhattan,anejo,,,,,,,,,,,,,,,,,,,,,,,
427,illusionist2177,tequilamanhattan,calgary,,,,,,,,,,,,,,,,,,,,,,,,
428,tequila.sapporo,„Éâ„É≥„Éï„É™„Ç™,tequilamanhattan,donjulio,„ÉÜ„Ç≠„Éº„É©„Éû„É≥„Éè„ÉÉ„Çø„É≥,tequila,„Ç´„ÇØ„ÉÜ„É´,ÂÆÆÂ¥éÂâõÂøó,Â•àËâØ„Éõ„ÉÜ„É´,cocktail,,,,,,,,,,,,,,,,,
429,zerospecbebop,,,,,,,,,,,,,,,,,,,,,,,,,,
430,mokro_,,,,,,,,,,,,,,,,,,,,,,,,,,
431,giffardasiapacific,,,,,,,,,,,,,,,,,,,,,,,,,,
432,queenbeemixology,,,,,,,,,,,,,,,,,,,,,,,,,,
433,puss_n_booch,grapeandgrain,friyeah,itsathing,happyhour,tequilamanhattan,,,,,,,,,,,,,,,,,,,,,
434,queenbeemixology,,,,,,,,,,,,,,,,,,,,,,,,,,
435,scrappysbitters,,,,,,,,,,,,,,,,,,,,,,,,,,
436,outlinedcloth,,,,,,,,,,,,,,,,,,,,,,,,,,
437,bonnieclydesgrapevin,tequilasunrise,tequilamanhattan,tequilablanco,tequilatuesday,mojitoblanco,grapevinetx,tequilareposado,tequila,tequilapaloma,whattodotuesday,tequilaanejo,margaritas,chalinospecial,,,,,,,,,,,,,
438,jessi_moore_10_5,purodeagave,100agave,manhattan,tequilamanhattan,tequila,patron,reposado,,,,,,,,,,,,,,,,,,,
439,friskykitty,penrose,oaktown,tequilamanhattan,cocktailtime,,,,,,,,,,,,,,,,,,,,,,
440,corgurl,tequilamanhattan,,,,,,,,,,,,,,,,,,,,,,,,,
441,michaellotenero,tres,anejo,cincodemayo,tequilamanhattan,,,,,,,,,,,,,,,,,,,,,,
442,rootandflower,wehavemargstoo,tequilamanhattan,cincodedrinko,,,,,,,,,,,,,,,,,,,,,,,
443,federico_limonta,barman,ilikeit,schw√§bischhall,dai,ichmagdas,cocktails,mrboston,tequila,tikis,manhattan,tequilamanhattan,martedisera,,,,,,,,,,,,,,
444,myfavvice,eljimador,eljimadortequila,workview,lacuidad,tequilamanhattan,holymole,ilovemyjob,molemanhattan,herradura,,,,,,,,,,,,,,,,,
445,xjc1396,alcohol,pretendingtobeanadult,martinivermouth,cocktail,collegestudent,cocktails,vermouth,mixeddrinks,bartending,tequilamanhattan,josecuervo,tequila,,,,,,,,,,,,,,
446,drcommish,mixology,martini,movienight,bestbartenderever,tequilamanhattan,2016noreaster,entouragemovie,tequila,manhattandrink,storeboughtice,manhattan,,,,,,,,,,,,,,,
447,tommybitters,–Ω–æ–≤–æ—Å—Ç–∏,cocktails,tommybitters,bar,bitters,–≤–ø–æ–Ω–µ–¥–µ–ª—å–Ω–∏–∫,tequilamanhattan,–¥–µ–≥—É—Å—Ç–∞—Ü–∏–æ–Ω–Ω—ã–µ–∑–∞–º–µ—Ç–∫–∏,–æ—Ç–¥–æ—Ö–Ω–∏–Ω–µ—Å–∫—É—á–∞–π,–≤–∫—É—Å–Ω–∞—Ç–µ–Ω—å—Ç–∞–µ—â–µ,drunkenwinnie,,,,,,,,,,,,,,,
448,mademoiselle_jessie,,,,,,,,,,,,,,,,,,,,,,,,,,
449,elmorotavern,patron,tequilamanhattan,visitdurango,durangocolorado,mezcal,craftcocktails,granmarnier,barrelaged,barrelagedcocktail,,,,,,,,,,,,,,,,,
450,nashvillefashiondude,deleontequila,sweetvermouth,spicedcherrybitters,cointreau,angosturabitters,espolontequila,tequilamanhattan,vidamezcal,bourbonsmokedsyrup,,,,,,,,,,,,,,,,,
451,papabuenotequila,cheers,anejo,drinktequila,bethefunone,ladies,bebueno,thursday,tequilamanhattan,cocktails,theseattletequila,gentleman,,,,,,,,,,,,,,,
452,pin.toro,ahatoro,„ÉÜ„Ç≠„Éº„É©„Éû„É≥„Éè„ÉÉ„Çø„É≥,,,,,,,,,,,,,,,,,,,,,,,,
453,espi2828,tequilamanhattan,secondhome,,,,,,,,,,,,,,,,,,,,,,,,
454,dondy on Instagram: ,tequilamanhattan,,,,,,,,,,,,,,,,,,,,,,,,,
455,lois_must_die,tequila,manhattan,cocktail,anejo,tequilamanhattan,,,,,,,,,,,,,,,,,,,,,
456,anejoyyc,eljefe,tequilamanhattan,,,,,,,,,,,,,,,,,,,,,,,,
457,pin.toro,manhattan,„ÉÜ„Ç≠„Éº„É©„Éû„É≥„Éè„ÉÉ„Çø„É≥,olmeca,„Ç´„ÇØ„ÉÜ„É´,tequilamanhattan,„Éê„Éº,„Ç™„É´„É°„Ç´,bar,cocktail,tequila,,,,,,,,,,,,,,,,
458,pin.toro,‰∏≠Áî∞„Éû„Éû,„ÉÜ„Ç≠„Éº„É©„Éû„É≥„Éè„ÉÉ„Çø„É≥,,,,,,,,,,,,,,,,,,,,,,,,
459,blake_flann,cocktails,craftcocktails,yyceats,yyc,taisin,manhattan,tequilamanhattan,japaneseicemold,icesphere,eatexploreexperience,,,,,,,,,,,,,,,,
460,frallu90,bar,tequilamanhattan,bartender,agavemakesyousmarter,ceresio7,,,,,,,,,,,,,,,,,,,,,
461,r3ddhawtr3b3l,amazing,turnup,ilovethisdrink,lime,lips,tipsy,lush,tequilamanhattan,distritofederal,cherry,thanku,,,,,,,,,,,,,,,
462,illusionist2177,calgary,tequilamanhattan,anejo,,,,,,,,,,,,,,,,,,,,,,,
463,illusionist2177,tequilamanhattan,calgary,,,,,,,,,,,,,,,,,,,,,,,,
464,tequila.sapporo,„ÉÜ„Ç≠„Éº„É©„Éû„É≥„Éè„ÉÉ„Çø„É≥,tequilamanhattan,tequila,„Éâ„É≥„Éï„É™„Ç™,donjulio,Â•àËâØ„Éõ„ÉÜ„É´,ÂÆÆÂ¥éÂâõÂøó,cocktail,„Ç´„ÇØ„ÉÜ„É´,,,,,,,,,,,,,,,,,
465,livingwithflavour,tequilamanhattan,cuchillo,,,,,,,,,,,,,,,,,,,,,,,,
466,randyfoster_ on Inst,margaritas,tequilamanhattan,yyc,,,,,,,,,,,,,,,,,,,,,,,
467,claseazultequila,sippingtequila,claseazultequila,claseazul,manhattanmonday,manhattan,ultrapremium,tequilamanhattan,,,,,,,,,,,,,,,,,,,
468,claseazultequila,claseazulreposado,manhattan,tequilamanhattan,claseazultequila,ultrapremium,claseazul,santanarow,lbsteak,,,,,,,,,,,,,,,,,,
469,claseazultequila,ultrapremium,manhattanmonday,flemings,tequilamanhattan,claseazul,manhattan,flemingssteakhouse,claseazulreposado,,,,,,,,,,,,,,,,,,
470,giacomoloris_,dreaming,chocolatevanillachilli,tequilamanhattan,curethebarrel,agedcocktail,,,,,,,,,,,,,,,,,,,,,
471,imraynegiles,prettysurewearedrunk,defuckinglicious,tequilamanhattan,bambi2madethem,,,,,,,,,,,,,,,,,,,,,,
472,brittjsutton,tequilamanhattan,casanoble,riogrande,,,,,,,,,,,,,,,,,,,,,,,
473,claseazultequila,claseazul,tequilamanhattan,,,,,,,,,,,,,,,,,,,,,,,,
474,zerospecbebop,,,,,,,,,,,,,,,,,,,,,,,,,,
475,mokro_,,,,,,,,,,,,,,,,,,,,,,,,,,
476,giffardasiapacific,,,,,,,,,,,,,,,,,,,,,,,,,,
477,queenbeemixology,,,,,,,,,,,,,,,,,,,,,,,,,,
478,puss_n_booch,happyhour,tequilamanhattan,grapeandgrain,friyeah,itsathing,,,,,,,,,,,,,,,,,,,,,
479,queenbeemixology,,,,,,,,,,,,,,,,,,,,,,,,,,
480,scrappysbitters,,,,,,,,,,,,,,,,,,,,,,,,,,
481,outlinedcloth,,,,,,,,,,,,,,,,,,,,,,,,,,
482,bonnieclydesgrapevin,tequila,margaritas,tequilamanhattan,tequilablanco,tequilapaloma,whattodotuesday,chalinospecial,tequilatuesday,tequilareposado,grapevinetx,tequilaanejo,mojitoblanco,tequilasunrise,,,,,,,,,,,,,
483,myfavvice,workview,tequilamanhattan,eljimadortequila,holymole,herradura,molemanhattan,ilovemyjob,eljimador,lacuidad,,,,,,,,,,,,,,,,,
484,xjc1396,tequilamanhattan,mixeddrinks,martinivermouth,josecuervo,alcohol,pretendingtobeanadult,vermouth,collegestudent,cocktail,cocktails,bartending,tequila,,,,,,,,,,,,,,
485,drcommish,manhattandrink,manhattan,mixology,entouragemovie,martini,tequilamanhattan,tequila,bestbartenderever,storeboughtice,movienight,2016noreaster,,,,,,,,,,,,,,,
486,tommybitters,–≤–∫—É—Å–Ω–∞—Ç–µ–Ω—å—Ç–∞–µ—â–µ,–¥–µ–≥—É—Å—Ç–∞—Ü–∏–æ–Ω–Ω—ã–µ–∑–∞–º–µ—Ç–∫–∏,–≤–ø–æ–Ω–µ–¥–µ–ª—å–Ω–∏–∫,–æ—Ç–¥–æ—Ö–Ω–∏–Ω–µ—Å–∫—É—á–∞–π,bar,cocktails,tequilamanhattan,bitters,–Ω–æ–≤–æ—Å—Ç–∏,drunkenwinnie,tommybitters,,,,,,,,,,,,,,,
487,mademoiselle_jessie,,,,,,,,,,,,,,,,,,,,,,,,,,
488,elmorotavern,barrelaged,barrelagedcocktail,durangocolorado,visitdurango,patron,tequilamanhattan,granmarnier,craftcocktails,mezcal,,,,,,,,,,,,,,,,,
489,nashvillefashiondude,sweetvermouth,spicedcherrybitters,espolontequila,bourbonsmokedsyrup,cointreau,vidamezcal,tequilamanhattan,deleontequila,angosturabitters,,,,,,,,,,,,,,,,,
490,papabuenotequila,cocktails,anejo,drinktequila,ladies,gentleman,cheers,theseattletequila,thursday,bebueno,tequilamanhattan,bethefunone,,,,,,,,,,,,,,,
491,pin.toro,„ÉÜ„Ç≠„Éº„É©„Éû„É≥„Éè„ÉÉ„Çø„É≥,ahatoro,,,,,,,,,,,,,,,,,,,,,,,,
492,espi2828,secondhome,tequilamanhattan,,,,,,,,,,,,,,,,,,,,,,,,
493,dondy on Instagram: ,tequilamanhattan,,,,,,,,,,,,,,,,,,,,,,,,,
494,lois_must_die,tequilamanhattan,tequila,manhattan,cocktail,anejo,,,,,,,,,,,,,,,,,,,,,
495,anejoyyc,eljefe,tequilamanhattan,,,,,,,,,,,,,,,,,,,,,,,,
496,pin.toro,tequila,„Éê„Éº,tequilamanhattan,manhattan,„Ç´„ÇØ„ÉÜ„É´,cocktail,olmeca,bar,„Ç™„É´„É°„Ç´,„ÉÜ„Ç≠„Éº„É©„Éû„É≥„Éè„ÉÉ„Çø„É≥,,,,,,,,,,,,,,,,
497,pin.toro,„ÉÜ„Ç≠„Éº„É©„Éû„É≥„Éè„ÉÉ„Çø„É≥,‰∏≠Áî∞„Éû„Éû,,,,,,,,,,,,,,,,,,,,,,,,
498,blake_flann,taisin,eatexploreexperience,manhattan,japaneseicemold,craftcocktails,yyceats,icesphere,cocktails,tequilamanhattan,yyc,,,,,,,,,,,,,,,,
499,frallu90,bar,agavemakesyousmarter,ceresio7,bartender,tequilamanhattan,,,,,,,,,,,,,,,,,,,,,
500,r3ddhawtr3b3l,thanku,ilovethisdrink,lime,distritofederal,turnup,lips,lush,tequilamanhattan,cherry,amazing,tipsy,,,,,,,,,,,,,,,
501,illusionist2177,calgary,tequilamanhattan,anejo,,,,,,,,,,,,,,,,,,,,,,,
502,illusionist2177,tequilamanhattan,calgary,,,,,,,,,,,,,,,,,,,,,,,,
503,tequila.sapporo,„Éâ„É≥„Éï„É™„Ç™,„ÉÜ„Ç≠„Éº„É©„Éû„É≥„Éè„ÉÉ„Çø„É≥,tequila,cocktail,donjulio,ÂÆÆÂ¥éÂâõÂøó,tequilamanhattan,Â•àËâØ„Éõ„ÉÜ„É´,„Ç´„ÇØ„ÉÜ„É´,,,,,,,,,,,,,,,,,
504,livingwithflavour,cuchillo,tequilamanhattan,,,,,,,,,,,,,,,,,,,,,,,,
505,randyfoster_ on Inst,tequilamanhattan,yyc,margaritas,,,,,,,,,,,,,,,,,,,,,,,
506,claseazultequila,claseazul,manhattan,claseazultequila,manhattanmonday,ultrapremium,sippingtequila,tequilamanhattan,,,,,,,,,,,,,,,,,,,
507,claseazultequila,claseazultequila,santanarow,claseazulreposado,tequilamanhattan,manhattan,lbsteak,ultrapremium,claseazul,,,,,,,,,,,,,,,,,,
508,claseazultequila,claseazul,ultrapremium,flemingssteakhouse,tequilamanhattan,manhattanmonday,claseazulreposado,manhattan,flemings,,,,,,,,,,,,,,,,,,
509,giacomoloris_,chocolatevanillachilli,curethebarrel,tequilamanhattan,dreaming,agedcocktail,,,,,,,,,,,,,,,,,,,,,
510,imraynegiles,tequilamanhattan,defuckinglicious,prettysurewearedrunk,bambi2madethem,,,,,,,,,,,,,,,,,,,,,,
511,brittjsutton,riogrande,tequilamanhattan,casanoble,,,,,,,,,,,,,,,,,,,,,,,
512,claseazultequila,tequilamanhattan,claseazul,,,,,,,,,,,,,,,,,,,,,,,,
